path,label,group,fold
data/raw/cardboard/cardboard1.jpg,cardboard,0,3
data/raw/cardboard/cardboard10.jpg,cardboard,1,1
data/raw/cardboard/cardboard100.jpg,cardboard,2,4
data/raw/cardboard/cardboard101.jpg,cardboard,3,0
data/raw/cardboard/cardboard102.jpg,cardboard,4,2
data/raw/cardboard/cardboard103.jpg,cardboard,5,3
data/raw/cardboard/cardboard104.jpg,cardboard,6,2
data/raw/cardboard/cardboard107.jpg,cardboard,9,0
data/raw/cardboard/cardboard108.jpg,cardboard,10,3
data/raw/cardboard/cardboard109.jpg,cardboard,11,0
data/raw/cardboard/cardboard11.jpg,cardboard,12,4
data/raw/cardboard/cardboard111.jpg,cardboard,14,4
data/raw/cardboard/cardboard113.jpg,cardboard,16,4
data/raw/cardboard/cardboard114.jpg,cardboard,17,4
data/raw/cardboard/cardboard115.jpg,cardboard,18,1
data/raw/cardboard/cardboard116.jpg,cardboard,19,4
data/raw/cardboard/cardboard117.jpg,cardboard,20,2
data/raw/cardboard/cardboard118.jpg,cardboard,21,2
data/raw/cardboard/cardboard119.jpg,cardboard,22,2
data/raw/cardboard/cardboard12.jpg,cardboard,23,4
data/raw/cardboard/cardboard120.jpg,cardboard,24,4
data/raw/cardboard/cardboard122.jpg,cardboard,26,3
data/raw/cardboard/cardboard123.jpg,cardboard,27,0
data/raw/cardboard/cardboard124.jpg,cardboard,28,4
data/raw/cardboard/cardboard125.jpg,cardboard,29,2
data/raw/cardboard/cardboard126.jpg,cardboard,30,3
data/raw/cardboard/cardboard127.jpg,cardboard,31,0
data/raw/cardboard/cardboard128.jpg,cardboard,32,3
data/raw/cardboard/cardboard129.jpg,cardboard,33,3
data/raw/cardboard/cardboard13.jpg,cardboard,34,0
data/raw/cardboard/cardboard130.jpg,cardboard,35,1
data/raw/cardboard/cardboard131.jpg,cardboard,36,4
data/raw/cardboard/cardboard133.jpg,cardboard,38,2
data/raw/cardboard/cardboard134.jpg,cardboard,39,2
data/raw/cardboard/cardboard135.jpg,cardboard,40,3
data/raw/cardboard/cardboard136.jpg,cardboard,41,1
data/raw/cardboard/cardboard137.jpg,cardboard,42,0
data/raw/cardboard/cardboard138.jpg,cardboard,43,2
data/raw/cardboard/cardboard14.jpg,cardboard,45,3
data/raw/cardboard/cardboard140.jpg,cardboard,46,1
data/raw/cardboard/cardboard141.jpg,cardboard,47,0
data/raw/cardboard/cardboard142.jpg,cardboard,48,3
data/raw/cardboard/cardboard143.jpg,cardboard,49,0
data/raw/cardboard/cardboard144.jpg,cardboard,50,1
data/raw/cardboard/cardboard145.jpg,cardboard,51,2
data/raw/cardboard/cardboard146.jpg,cardboard,52,3
data/raw/cardboard/cardboard147.jpg,cardboard,53,4
data/raw/cardboard/cardboard148.jpg,cardboard,54,1
data/raw/cardboard/cardboard149.jpg,cardboard,55,0
data/raw/cardboard/cardboard15.jpg,cardboard,56,4
data/raw/cardboard/cardboard150.jpg,cardboard,57,0
data/raw/cardboard/cardboard152.jpg,cardboard,59,0
data/raw/cardboard/cardboard153.jpg,cardboard,60,4
data/raw/cardboard/cardboard154.jpg,cardboard,61,2
data/raw/cardboard/cardboard155.jpg,cardboard,62,4
data/raw/cardboard/cardboard156.jpg,cardboard,63,2
data/raw/cardboard/cardboard157.jpg,cardboard,64,2
data/raw/cardboard/cardboard158.jpg,cardboard,65,0
data/raw/cardboard/cardboard159.jpg,cardboard,66,2
data/raw/cardboard/cardboard16.jpg,cardboard,67,4
data/raw/cardboard/cardboard161.jpg,cardboard,69,1
data/raw/cardboard/cardboard162.jpg,cardboard,70,4
data/raw/cardboard/cardboard163.jpg,cardboard,71,1
data/raw/cardboard/cardboard164.jpg,cardboard,72,3
data/raw/cardboard/cardboard165.jpg,cardboard,73,4
data/raw/cardboard/cardboard166.jpg,cardboard,74,2
data/raw/cardboard/cardboard167.jpg,cardboard,75,1
data/raw/cardboard/cardboard168.jpg,cardboard,76,3
data/raw/cardboard/cardboard169.jpg,cardboard,77,0
data/raw/cardboard/cardboard17.jpg,cardboard,78,0
data/raw/cardboard/cardboard170.jpg,cardboard,79,1
data/raw/cardboard/cardboard171.jpg,cardboard,80,0
data/raw/cardboard/cardboard172.jpg,cardboard,81,0
data/raw/cardboard/cardboard173.jpg,cardboard,82,0
data/raw/cardboard/cardboard174.jpg,cardboard,83,2
data/raw/cardboard/cardboard175.jpg,cardboard,84,3
data/raw/cardboard/cardboard176.jpg,cardboard,85,4
data/raw/cardboard/cardboard177.jpg,cardboard,86,1
data/raw/cardboard/cardboard178.jpg,cardboard,87,1
data/raw/cardboard/cardboard179.jpg,cardboard,88,4
data/raw/cardboard/cardboard18.jpg,cardboard,89,3
data/raw/cardboard/cardboard180.jpg,cardboard,90,0
data/raw/cardboard/cardboard181.jpg,cardboard,91,4
data/raw/cardboard/cardboard182.jpg,cardboard,92,2
data/raw/cardboard/cardboard183.jpg,cardboard,93,3
data/raw/cardboard/cardboard186.jpg,cardboard,96,0
data/raw/cardboard/cardboard187.jpg,cardboard,97,2
data/raw/cardboard/cardboard188.jpg,cardboard,98,4
data/raw/cardboard/cardboard189.jpg,cardboard,99,4
data/raw/cardboard/cardboard19.jpg,cardboard,100,3
data/raw/cardboard/cardboard190.jpg,cardboard,101,4
data/raw/cardboard/cardboard191.jpg,cardboard,102,2
data/raw/cardboard/cardboard192.jpg,cardboard,103,4
data/raw/cardboard/cardboard194.jpg,cardboard,105,4
data/raw/cardboard/cardboard195.jpg,cardboard,106,1
data/raw/cardboard/cardboard196.jpg,cardboard,107,0
data/raw/cardboard/cardboard197.jpg,cardboard,108,3
data/raw/cardboard/cardboard198.jpg,cardboard,109,1
data/raw/cardboard/cardboard199.jpg,cardboard,110,4
data/raw/cardboard/cardboard2.jpg,cardboard,111,0
data/raw/cardboard/cardboard20.jpg,cardboard,112,4
data/raw/cardboard/cardboard200.jpg,cardboard,113,4
data/raw/cardboard/cardboard201.jpg,cardboard,114,3
data/raw/cardboard/cardboard202.jpg,cardboard,115,0
data/raw/cardboard/cardboard203.jpg,cardboard,116,0
data/raw/cardboard/cardboard204.jpg,cardboard,117,0
data/raw/cardboard/cardboard205.jpg,cardboard,118,2
data/raw/cardboard/cardboard206.jpg,cardboard,119,3
data/raw/cardboard/cardboard207.jpg,cardboard,120,0
data/raw/cardboard/cardboard208.jpg,cardboard,121,0
data/raw/cardboard/cardboard209.jpg,cardboard,122,3
data/raw/cardboard/cardboard21.jpg,cardboard,123,4
data/raw/cardboard/cardboard210.jpg,cardboard,124,2
data/raw/cardboard/cardboard211.jpg,cardboard,125,0
data/raw/cardboard/cardboard213.jpg,cardboard,127,2
data/raw/cardboard/cardboard214.jpg,cardboard,128,0
data/raw/cardboard/cardboard219.jpg,cardboard,133,0
data/raw/cardboard/cardboard22.jpg,cardboard,134,0
data/raw/cardboard/cardboard220.jpg,cardboard,135,4
data/raw/cardboard/cardboard221.jpg,cardboard,136,3
data/raw/cardboard/cardboard222.jpg,cardboard,137,3
data/raw/cardboard/cardboard223.jpg,cardboard,138,2
data/raw/cardboard/cardboard225.jpg,cardboard,140,0
data/raw/cardboard/cardboard226.jpg,cardboard,141,3
data/raw/cardboard/cardboard227.jpg,cardboard,142,4
data/raw/cardboard/cardboard23.jpg,cardboard,145,1
data/raw/cardboard/cardboard230.jpg,cardboard,146,1
data/raw/cardboard/cardboard232.jpg,cardboard,148,1
data/raw/cardboard/cardboard233.jpg,cardboard,149,0
data/raw/cardboard/cardboard234.jpg,cardboard,150,3
data/raw/cardboard/cardboard235.jpg,cardboard,151,4
data/raw/cardboard/cardboard236.jpg,cardboard,152,0
data/raw/cardboard/cardboard237.jpg,cardboard,153,4
data/raw/cardboard/cardboard238.jpg,cardboard,154,2
data/raw/cardboard/cardboard239.jpg,cardboard,155,2
data/raw/cardboard/cardboard240.jpg,cardboard,157,4
data/raw/cardboard/cardboard244.jpg,cardboard,161,2
data/raw/cardboard/cardboard246.jpg,cardboard,163,2
data/raw/cardboard/cardboard247.jpg,cardboard,164,1
data/raw/cardboard/cardboard248.jpg,cardboard,165,0
data/raw/cardboard/cardboard249.jpg,cardboard,166,3
data/raw/cardboard/cardboard250.jpg,cardboard,168,3
data/raw/cardboard/cardboard251.jpg,cardboard,169,3
data/raw/cardboard/cardboard252.jpg,cardboard,170,0
data/raw/cardboard/cardboard253.jpg,cardboard,171,4
data/raw/cardboard/cardboard256.jpg,cardboard,174,3
data/raw/cardboard/cardboard257.jpg,cardboard,175,2
data/raw/cardboard/cardboard258.jpg,cardboard,176,0
data/raw/cardboard/cardboard259.jpg,cardboard,177,3
data/raw/cardboard/cardboard26.jpg,cardboard,178,4
data/raw/cardboard/cardboard263.jpg,cardboard,182,4
data/raw/cardboard/cardboard264.jpg,cardboard,183,3
data/raw/cardboard/cardboard265.jpg,cardboard,184,1
data/raw/cardboard/cardboard266.jpg,cardboard,185,1
data/raw/cardboard/cardboard267.jpg,cardboard,186,0
data/raw/cardboard/cardboard268.jpg,cardboard,187,3
data/raw/cardboard/cardboard269.jpg,cardboard,188,1
data/raw/cardboard/cardboard27.jpg,cardboard,189,3
data/raw/cardboard/cardboard270.jpg,cardboard,190,0
data/raw/cardboard/cardboard272.jpg,cardboard,192,2
data/raw/cardboard/cardboard273.jpg,cardboard,193,3
data/raw/cardboard/cardboard274.jpg,cardboard,194,0
data/raw/cardboard/cardboard275.jpg,cardboard,195,2
data/raw/cardboard/cardboard276.jpg,cardboard,196,4
data/raw/cardboard/cardboard277.jpg,cardboard,197,0
data/raw/cardboard/cardboard278.jpg,cardboard,198,4
data/raw/cardboard/cardboard279.jpg,cardboard,199,0
data/raw/cardboard/cardboard28.jpg,cardboard,200,0
data/raw/cardboard/cardboard280.jpg,cardboard,201,3
data/raw/cardboard/cardboard283.jpg,cardboard,204,2
data/raw/cardboard/cardboard284.jpg,cardboard,205,3
data/raw/cardboard/cardboard285.jpg,cardboard,206,2
data/raw/cardboard/cardboard286.jpg,cardboard,207,1
data/raw/cardboard/cardboard288.jpg,cardboard,209,2
data/raw/cardboard/cardboard289.jpg,cardboard,210,1
data/raw/cardboard/cardboard29.jpg,cardboard,211,0
data/raw/cardboard/cardboard290.jpg,cardboard,212,1
data/raw/cardboard/cardboard291.jpg,cardboard,213,3
data/raw/cardboard/cardboard292.jpg,cardboard,214,2
data/raw/cardboard/cardboard293.jpg,cardboard,215,1
data/raw/cardboard/cardboard295.jpg,cardboard,217,0
data/raw/cardboard/cardboard296.jpg,cardboard,218,0
data/raw/cardboard/cardboard297.jpg,cardboard,219,2
data/raw/cardboard/cardboard298.jpg,cardboard,220,1
data/raw/cardboard/cardboard299.jpg,cardboard,221,4
data/raw/cardboard/cardboard3.jpg,cardboard,222,3
data/raw/cardboard/cardboard30.jpg,cardboard,223,3
data/raw/cardboard/cardboard300.jpg,cardboard,224,4
data/raw/cardboard/cardboard301.jpg,cardboard,225,1
data/raw/cardboard/cardboard302.jpg,cardboard,226,2
data/raw/cardboard/cardboard303.jpg,cardboard,227,4
data/raw/cardboard/cardboard304.jpg,cardboard,228,4
data/raw/cardboard/cardboard305.jpg,cardboard,229,0
data/raw/cardboard/cardboard306.jpg,cardboard,230,2
data/raw/cardboard/cardboard307.jpg,cardboard,231,4
data/raw/cardboard/cardboard309.jpg,cardboard,233,0
data/raw/cardboard/cardboard310.jpg,cardboard,235,3
data/raw/cardboard/cardboard311.jpg,cardboard,236,1
data/raw/cardboard/cardboard312.jpg,cardboard,237,1
data/raw/cardboard/cardboard313.jpg,cardboard,238,0
data/raw/cardboard/cardboard314.jpg,cardboard,239,1
data/raw/cardboard/cardboard315.jpg,cardboard,240,2
data/raw/cardboard/cardboard316.jpg,cardboard,241,3
data/raw/cardboard/cardboard317.jpg,cardboard,242,1
data/raw/cardboard/cardboard318.jpg,cardboard,243,2
data/raw/cardboard/cardboard32.jpg,cardboard,245,0
data/raw/cardboard/cardboard320.jpg,cardboard,246,3
data/raw/cardboard/cardboard321.jpg,cardboard,247,4
data/raw/cardboard/cardboard322.jpg,cardboard,248,1
data/raw/cardboard/cardboard323.jpg,cardboard,249,2
data/raw/cardboard/cardboard324.jpg,cardboard,250,0
data/raw/cardboard/cardboard326.jpg,cardboard,252,0
data/raw/cardboard/cardboard327.jpg,cardboard,253,2
data/raw/cardboard/cardboard328.jpg,cardboard,254,0
data/raw/cardboard/cardboard33.jpg,cardboard,256,1
data/raw/cardboard/cardboard331.jpg,cardboard,258,4
data/raw/cardboard/cardboard332.jpg,cardboard,259,1
data/raw/cardboard/cardboard334.jpg,cardboard,261,2
data/raw/cardboard/cardboard335.jpg,cardboard,262,3
data/raw/cardboard/cardboard336.jpg,cardboard,263,4
data/raw/cardboard/cardboard337.jpg,cardboard,264,2
data/raw/cardboard/cardboard338.jpg,cardboard,265,1
data/raw/cardboard/cardboard339.jpg,cardboard,266,3
data/raw/cardboard/cardboard34.jpg,cardboard,267,2
data/raw/cardboard/cardboard340.jpg,cardboard,268,3
data/raw/cardboard/cardboard341.jpg,cardboard,269,1
data/raw/cardboard/cardboard342.jpg,cardboard,270,2
data/raw/cardboard/cardboard343.jpg,cardboard,271,0
data/raw/cardboard/cardboard346.jpg,cardboard,274,1
data/raw/cardboard/cardboard347.jpg,cardboard,275,4
data/raw/cardboard/cardboard348.jpg,cardboard,276,3
data/raw/cardboard/cardboard349.jpg,cardboard,277,3
data/raw/cardboard/cardboard35.jpg,cardboard,278,3
data/raw/cardboard/cardboard350.jpg,cardboard,279,0
data/raw/cardboard/cardboard351.jpg,cardboard,280,4
data/raw/cardboard/cardboard352.jpg,cardboard,281,4
data/raw/cardboard/cardboard353.jpg,cardboard,282,1
data/raw/cardboard/cardboard354.jpg,cardboard,283,3
data/raw/cardboard/cardboard356.jpg,cardboard,285,4
data/raw/cardboard/cardboard357.jpg,cardboard,286,2
data/raw/cardboard/cardboard358.jpg,cardboard,287,1
data/raw/cardboard/cardboard359.jpg,cardboard,288,0
data/raw/cardboard/cardboard36.jpg,cardboard,289,4
data/raw/cardboard/cardboard360.jpg,cardboard,290,4
data/raw/cardboard/cardboard361.jpg,cardboard,56,4
data/raw/cardboard/cardboard362.jpg,cardboard,291,1
data/raw/cardboard/cardboard363.jpg,cardboard,292,2
data/raw/cardboard/cardboard364.jpg,cardboard,293,2
data/raw/cardboard/cardboard365.jpg,cardboard,294,2
data/raw/cardboard/cardboard366.jpg,cardboard,295,0
data/raw/cardboard/cardboard367.jpg,cardboard,296,2
data/raw/cardboard/cardboard368.jpg,cardboard,297,0
data/raw/cardboard/cardboard369.jpg,cardboard,298,3
data/raw/cardboard/cardboard371.jpg,cardboard,301,3
data/raw/cardboard/cardboard372.jpg,cardboard,302,0
data/raw/cardboard/cardboard373.jpg,cardboard,303,1
data/raw/cardboard/cardboard374.jpg,cardboard,304,1
data/raw/cardboard/cardboard375.jpg,cardboard,305,3
data/raw/cardboard/cardboard376.jpg,cardboard,306,1
data/raw/cardboard/cardboard378.jpg,cardboard,308,3
data/raw/cardboard/cardboard379.jpg,cardboard,309,1
data/raw/cardboard/cardboard38.jpg,cardboard,310,0
data/raw/cardboard/cardboard380.jpg,cardboard,311,0
data/raw/cardboard/cardboard381.jpg,cardboard,312,1
data/raw/cardboard/cardboard382.jpg,cardboard,313,3
data/raw/cardboard/cardboard384.jpg,cardboard,315,2
data/raw/cardboard/cardboard385.jpg,cardboard,316,3
data/raw/cardboard/cardboard386.jpg,cardboard,317,2
data/raw/cardboard/cardboard387.jpg,cardboard,318,3
data/raw/cardboard/cardboard388.jpg,cardboard,319,2
data/raw/cardboard/cardboard389.jpg,cardboard,320,2
data/raw/cardboard/cardboard39.jpg,cardboard,321,0
data/raw/cardboard/cardboard390.jpg,cardboard,322,0
data/raw/cardboard/cardboard391.jpg,cardboard,323,2
data/raw/cardboard/cardboard392.jpg,cardboard,324,2
data/raw/cardboard/cardboard393.jpg,cardboard,325,2
data/raw/cardboard/cardboard394.jpg,cardboard,326,4
data/raw/cardboard/cardboard395.jpg,cardboard,327,2
data/raw/cardboard/cardboard396.jpg,cardboard,328,4
data/raw/cardboard/cardboard397.jpg,cardboard,329,3
data/raw/cardboard/cardboard398.jpg,cardboard,330,4
data/raw/cardboard/cardboard399.jpg,cardboard,331,2
data/raw/cardboard/cardboard4.jpg,cardboard,332,1
data/raw/cardboard/cardboard40.jpg,cardboard,333,0
data/raw/cardboard/cardboard400.jpg,cardboard,334,4
data/raw/cardboard/cardboard401.jpg,cardboard,335,0
data/raw/cardboard/cardboard402.jpg,cardboard,336,3
data/raw/cardboard/cardboard403.jpg,cardboard,337,2
data/raw/cardboard/cardboard41.jpg,cardboard,338,3
data/raw/cardboard/cardboard42.jpg,cardboard,339,4
data/raw/cardboard/cardboard43.jpg,cardboard,340,1
data/raw/cardboard/cardboard44.jpg,cardboard,341,0
data/raw/cardboard/cardboard45.jpg,cardboard,342,4
data/raw/cardboard/cardboard46.jpg,cardboard,343,1
data/raw/cardboard/cardboard47.jpg,cardboard,344,2
data/raw/cardboard/cardboard48.jpg,cardboard,345,1
data/raw/cardboard/cardboard49.jpg,cardboard,346,2
data/raw/cardboard/cardboard5.jpg,cardboard,347,1
data/raw/cardboard/cardboard50.jpg,cardboard,348,3
data/raw/cardboard/cardboard51.jpg,cardboard,349,3
data/raw/cardboard/cardboard53.jpg,cardboard,351,1
data/raw/cardboard/cardboard54.jpg,cardboard,352,1
data/raw/cardboard/cardboard55.jpg,cardboard,353,1
data/raw/cardboard/cardboard57.jpg,cardboard,355,4
data/raw/cardboard/cardboard58.jpg,cardboard,356,4
data/raw/cardboard/cardboard59.jpg,cardboard,357,0
data/raw/cardboard/cardboard6.jpg,cardboard,358,2
data/raw/cardboard/cardboard60.jpg,cardboard,359,3
data/raw/cardboard/cardboard61.jpg,cardboard,360,1
data/raw/cardboard/cardboard62.jpg,cardboard,361,3
data/raw/cardboard/cardboard63.jpg,cardboard,362,1
data/raw/cardboard/cardboard64.jpg,cardboard,363,1
data/raw/cardboard/cardboard65.jpg,cardboard,364,4
data/raw/cardboard/cardboard66.jpg,cardboard,365,4
data/raw/cardboard/cardboard67.jpg,cardboard,366,1
data/raw/cardboard/cardboard68.jpg,cardboard,367,3
data/raw/cardboard/cardboard7.jpg,cardboard,369,4
data/raw/cardboard/cardboard70.jpg,cardboard,370,1
data/raw/cardboard/cardboard71.jpg,cardboard,371,1
data/raw/cardboard/cardboard72.jpg,cardboard,317,2
data/raw/cardboard/cardboard73.jpg,cardboard,372,2
data/raw/cardboard/cardboard74.jpg,cardboard,373,4
data/raw/cardboard/cardboard76.jpg,cardboard,375,3
data/raw/cardboard/cardboard77.jpg,cardboard,376,2
data/raw/cardboard/cardboard78.jpg,cardboard,377,0
data/raw/cardboard/cardboard79.jpg,cardboard,378,2
data/raw/cardboard/cardboard80.jpg,cardboard,380,2
data/raw/cardboard/cardboard81.jpg,cardboard,381,1
data/raw/cardboard/cardboard82.jpg,cardboard,382,4
data/raw/cardboard/cardboard83.jpg,cardboard,383,0
data/raw/cardboard/cardboard84.jpg,cardboard,384,3
data/raw/cardboard/cardboard85.jpg,cardboard,385,1
data/raw/cardboard/cardboard86.jpg,cardboard,386,1
data/raw/cardboard/cardboard88.jpg,cardboard,388,2
data/raw/cardboard/cardboard89.jpg,cardboard,389,1
data/raw/cardboard/cardboard9.jpg,cardboard,390,1
data/raw/cardboard/cardboard90.jpg,cardboard,391,1
data/raw/cardboard/cardboard91.jpg,cardboard,392,3
data/raw/cardboard/cardboard92.jpg,cardboard,393,3
data/raw/cardboard/cardboard93.jpg,cardboard,394,1
data/raw/cardboard/cardboard94.jpg,cardboard,395,1
data/raw/cardboard/cardboard95.jpg,cardboard,396,4
data/raw/cardboard/cardboard96.jpg,cardboard,397,1
data/raw/cardboard/cardboard97.jpg,cardboard,398,3
data/raw/cardboard/cardboard99.jpg,cardboard,400,4
data/raw/glass/glass1.jpg,glass,401,3
data/raw/glass/glass10.jpg,glass,402,4
data/raw/glass/glass101.jpg,glass,404,3
data/raw/glass/glass102.jpg,glass,405,2
data/raw/glass/glass103.jpg,glass,406,4
data/raw/glass/glass104.jpg,glass,407,1
data/raw/glass/glass105.jpg,glass,408,3
data/raw/glass/glass106.jpg,glass,409,0
data/raw/glass/glass107.jpg,glass,410,2
data/raw/glass/glass108.jpg,glass,411,1
data/raw/glass/glass109.jpg,glass,412,0
data/raw/glass/glass11.jpg,glass,413,1
data/raw/glass/glass110.jpg,glass,414,4
data/raw/glass/glass111.jpg,glass,415,1
data/raw/glass/glass112.jpg,glass,416,0
data/raw/glass/glass113.jpg,glass,417,0
data/raw/glass/glass114.jpg,glass,418,4
data/raw/glass/glass115.jpg,glass,419,2
data/raw/glass/glass116.jpg,glass,420,0
data/raw/glass/glass117.jpg,glass,421,1
data/raw/glass/glass118.jpg,glass,422,2
data/raw/glass/glass119.jpg,glass,423,4
data/raw/glass/glass12.jpg,glass,424,4
data/raw/glass/glass120.jpg,glass,425,0
data/raw/glass/glass122.jpg,glass,427,4
data/raw/glass/glass123.jpg,glass,428,2
data/raw/glass/glass124.jpg,glass,429,4
data/raw/glass/glass125.jpg,glass,430,3
data/raw/glass/glass127.jpg,glass,964,0
data/raw/glass/glass128.jpg,glass,432,1
data/raw/glass/glass129.jpg,glass,433,1
data/raw/glass/glass130.jpg,glass,435,2
data/raw/glass/glass131.jpg,glass,436,3
data/raw/glass/glass132.jpg,glass,437,0
data/raw/glass/glass133.jpg,glass,438,0
data/raw/glass/glass134.jpg,glass,439,3
data/raw/glass/glass136.jpg,glass,441,1
data/raw/glass/glass137.jpg,glass,442,3
data/raw/glass/glass138.jpg,glass,443,4
data/raw/glass/glass139.jpg,glass,444,3
data/raw/glass/glass14.jpg,glass,445,4
data/raw/glass/glass140.jpg,glass,446,1
data/raw/glass/glass141.jpg,glass,447,3
data/raw/glass/glass142.jpg,glass,448,4
data/raw/glass/glass143.jpg,glass,449,1
data/raw/glass/glass144.jpg,glass,450,3
data/raw/glass/glass145.jpg,glass,451,2
data/raw/glass/glass146.jpg,glass,452,3
data/raw/glass/glass147.jpg,glass,453,2
data/raw/glass/glass148.jpg,glass,454,2
data/raw/glass/glass149.jpg,glass,455,2
data/raw/glass/glass15.jpg,glass,456,4
data/raw/glass/glass151.jpg,glass,458,0
data/raw/glass/glass152.jpg,glass,459,0
data/raw/glass/glass153.jpg,glass,460,4
data/raw/glass/glass154.jpg,glass,461,4
data/raw/glass/glass156.jpg,glass,463,4
data/raw/glass/glass157.jpg,glass,464,0
data/raw/glass/glass158.jpg,glass,465,4
data/raw/glass/glass160.jpg,glass,468,1
data/raw/glass/glass161.jpg,glass,469,4
data/raw/glass/glass162.jpg,glass,470,4
data/raw/glass/glass163.jpg,glass,471,1
data/raw/glass/glass165.jpg,glass,473,2
data/raw/glass/glass166.jpg,glass,474,0
data/raw/glass/glass167.jpg,glass,475,4
data/raw/glass/glass168.jpg,glass,476,3
data/raw/glass/glass169.jpg,glass,477,4
data/raw/glass/glass17.jpg,glass,478,2
data/raw/glass/glass170.jpg,glass,479,4
data/raw/glass/glass171.jpg,glass,480,3
data/raw/glass/glass172.jpg,glass,481,4
data/raw/glass/glass173.jpg,glass,482,1
data/raw/glass/glass174.jpg,glass,483,3
data/raw/glass/glass175.jpg,glass,484,3
data/raw/glass/glass176.jpg,glass,485,4
data/raw/glass/glass177.jpg,glass,486,0
data/raw/glass/glass178.jpg,glass,487,0
data/raw/glass/glass179.jpg,glass,488,1
data/raw/glass/glass18.jpg,glass,489,4
data/raw/glass/glass180.jpg,glass,490,1
data/raw/glass/glass181.jpg,glass,491,1
data/raw/glass/glass182.jpg,glass,492,1
data/raw/glass/glass183.jpg,glass,493,2
data/raw/glass/glass184.jpg,glass,494,3
data/raw/glass/glass185.jpg,glass,495,1
data/raw/glass/glass186.jpg,glass,496,0
data/raw/glass/glass187.jpg,glass,497,1
data/raw/glass/glass188.jpg,glass,498,0
data/raw/glass/glass189.jpg,glass,499,0
data/raw/glass/glass19.jpg,glass,500,3
data/raw/glass/glass190.jpg,glass,501,4
data/raw/glass/glass191.jpg,glass,502,4
data/raw/glass/glass192.jpg,glass,503,1
data/raw/glass/glass193.jpg,glass,504,3
data/raw/glass/glass194.jpg,glass,505,1
data/raw/glass/glass195.jpg,glass,506,2
data/raw/glass/glass196.jpg,glass,507,2
data/raw/glass/glass197.jpg,glass,508,0
data/raw/glass/glass198.jpg,glass,509,1
data/raw/glass/glass199.jpg,glass,510,2
data/raw/glass/glass2.jpg,glass,511,1
data/raw/glass/glass20.jpg,glass,512,4
data/raw/glass/glass200.jpg,glass,513,0
data/raw/glass/glass201.jpg,glass,514,1
data/raw/glass/glass203.jpg,glass,516,1
data/raw/glass/glass204.jpg,glass,517,4
data/raw/glass/glass205.jpg,glass,518,3
data/raw/glass/glass206.jpg,glass,519,2
data/raw/glass/glass207.jpg,glass,520,1
data/raw/glass/glass208.jpg,glass,521,1
data/raw/glass/glass21.jpg,glass,523,3
data/raw/glass/glass210.jpg,glass,524,0
data/raw/glass/glass211.jpg,glass,525,0
data/raw/glass/glass212.jpg,glass,526,1
data/raw/glass/glass213.jpg,glass,527,0
data/raw/glass/glass214.jpg,glass,528,1
data/raw/glass/glass215.jpg,glass,529,2
data/raw/glass/glass216.jpg,glass,530,0
data/raw/glass/glass217.jpg,glass,531,2
data/raw/glass/glass219.jpg,glass,533,2
data/raw/glass/glass221.jpg,glass,536,0
data/raw/glass/glass222.jpg,glass,537,4
data/raw/glass/glass223.jpg,glass,538,3
data/raw/glass/glass225.jpg,glass,540,3
data/raw/glass/glass226.jpg,glass,541,2
data/raw/glass/glass227.jpg,glass,542,1
data/raw/glass/glass229.jpg,glass,544,3
data/raw/glass/glass23.jpg,glass,545,4
data/raw/glass/glass230.jpg,glass,546,2
data/raw/glass/glass231.jpg,glass,547,0
data/raw/glass/glass232.jpg,glass,548,3
data/raw/glass/glass233.jpg,glass,549,0
data/raw/glass/glass234.jpg,glass,550,4
data/raw/glass/glass235.jpg,glass,551,2
data/raw/glass/glass236.jpg,glass,552,3
data/raw/glass/glass238.jpg,glass,554,1
data/raw/glass/glass239.jpg,glass,555,0
data/raw/glass/glass24.jpg,glass,556,1
data/raw/glass/glass240.jpg,glass,557,2
data/raw/glass/glass241.jpg,glass,558,0
data/raw/glass/glass244.jpg,glass,561,2
data/raw/glass/glass245.jpg,glass,562,1
data/raw/glass/glass246.jpg,glass,563,0
data/raw/glass/glass247.jpg,glass,564,2
data/raw/glass/glass248.jpg,glass,565,1
data/raw/glass/glass249.jpg,glass,566,1
data/raw/glass/glass25.jpg,glass,567,1
data/raw/glass/glass250.jpg,glass,568,2
data/raw/glass/glass251.jpg,glass,569,3
data/raw/glass/glass252.jpg,glass,570,1
data/raw/glass/glass253.jpg,glass,571,2
data/raw/glass/glass255.jpg,glass,573,0
data/raw/glass/glass257.jpg,glass,575,2
data/raw/glass/glass258.jpg,glass,576,4
data/raw/glass/glass259.jpg,glass,577,1
data/raw/glass/glass26.jpg,glass,578,3
data/raw/glass/glass260.jpg,glass,579,4
data/raw/glass/glass261.jpg,glass,580,3
data/raw/glass/glass262.jpg,glass,581,1
data/raw/glass/glass263.jpg,glass,582,4
data/raw/glass/glass264.jpg,glass,583,3
data/raw/glass/glass265.jpg,glass,584,2
data/raw/glass/glass267.jpg,glass,586,0
data/raw/glass/glass269.jpg,glass,588,1
data/raw/glass/glass27.jpg,glass,589,4
data/raw/glass/glass270.jpg,glass,590,4
data/raw/glass/glass271.jpg,glass,591,1
data/raw/glass/glass274.jpg,glass,594,3
data/raw/glass/glass276.jpg,glass,596,1
data/raw/glass/glass279.jpg,glass,599,4
data/raw/glass/glass28.jpg,glass,600,3
data/raw/glass/glass280.jpg,glass,601,4
data/raw/glass/glass281.jpg,glass,602,0
data/raw/glass/glass282.jpg,glass,603,0
data/raw/glass/glass283.jpg,glass,604,0
data/raw/glass/glass284.jpg,glass,605,3
data/raw/glass/glass285.jpg,glass,606,3
data/raw/glass/glass286.jpg,glass,607,0
data/raw/glass/glass287.jpg,glass,608,2
data/raw/glass/glass288.jpg,glass,609,2
data/raw/glass/glass289.jpg,glass,610,4
data/raw/glass/glass290.jpg,glass,612,1
data/raw/glass/glass292.jpg,glass,614,3
data/raw/glass/glass293.jpg,glass,615,1
data/raw/glass/glass295.jpg,glass,617,0
data/raw/glass/glass297.jpg,glass,619,0
data/raw/glass/glass298.jpg,glass,620,0
data/raw/glass/glass299.jpg,glass,621,2
data/raw/glass/glass3.jpg,glass,622,2
data/raw/glass/glass30.jpg,glass,623,3
data/raw/glass/glass300.jpg,glass,624,1
data/raw/glass/glass302.jpg,glass,626,2
data/raw/glass/glass303.jpg,glass,627,0
data/raw/glass/glass304.jpg,glass,628,0
data/raw/glass/glass305.jpg,glass,629,0
data/raw/glass/glass306.jpg,glass,630,3
data/raw/glass/glass307.jpg,glass,631,0
data/raw/glass/glass309.jpg,glass,633,4
data/raw/glass/glass31.jpg,glass,634,0
data/raw/glass/glass310.jpg,glass,635,1
data/raw/glass/glass311.jpg,glass,636,1
data/raw/glass/glass312.jpg,glass,637,2
data/raw/glass/glass314.jpg,glass,639,3
data/raw/glass/glass316.jpg,glass,641,4
data/raw/glass/glass317.jpg,glass,642,4
data/raw/glass/glass318.jpg,glass,643,2
data/raw/glass/glass319.jpg,glass,644,4
data/raw/glass/glass32.jpg,glass,645,3
data/raw/glass/glass320.jpg,glass,646,4
data/raw/glass/glass321.jpg,glass,647,0
data/raw/glass/glass322.jpg,glass,648,1
data/raw/glass/glass323.jpg,glass,649,2
data/raw/glass/glass324.jpg,glass,650,1
data/raw/glass/glass325.jpg,glass,651,2
data/raw/glass/glass326.jpg,glass,652,2
data/raw/glass/glass327.jpg,glass,653,1
data/raw/glass/glass328.jpg,glass,654,3
data/raw/glass/glass329.jpg,glass,655,0
data/raw/glass/glass33.jpg,glass,656,3
data/raw/glass/glass330.jpg,glass,657,1
data/raw/glass/glass332.jpg,glass,659,2
data/raw/glass/glass333.jpg,glass,660,3
data/raw/glass/glass334.jpg,glass,661,1
data/raw/glass/glass335.jpg,glass,662,4
data/raw/glass/glass336.jpg,glass,663,0
data/raw/glass/glass337.jpg,glass,664,1
data/raw/glass/glass338.jpg,glass,665,0
data/raw/glass/glass339.jpg,glass,964,0
data/raw/glass/glass34.jpg,glass,666,4
data/raw/glass/glass340.jpg,glass,667,1
data/raw/glass/glass342.jpg,glass,669,2
data/raw/glass/glass343.jpg,glass,670,0
data/raw/glass/glass344.jpg,glass,671,2
data/raw/glass/glass345.jpg,glass,672,3
data/raw/glass/glass346.jpg,glass,673,1
data/raw/glass/glass347.jpg,glass,674,4
data/raw/glass/glass348.jpg,glass,675,4
data/raw/glass/glass349.jpg,glass,676,2
data/raw/glass/glass35.jpg,glass,677,0
data/raw/glass/glass350.jpg,glass,678,2
data/raw/glass/glass351.jpg,glass,679,3
data/raw/glass/glass352.jpg,glass,680,1
data/raw/glass/glass353.jpg,glass,681,1
data/raw/glass/glass354.jpg,glass,682,4
data/raw/glass/glass356.jpg,glass,684,0
data/raw/glass/glass357.jpg,glass,685,1
data/raw/glass/glass359.jpg,glass,687,0
data/raw/glass/glass36.jpg,glass,688,4
data/raw/glass/glass360.jpg,glass,689,0
data/raw/glass/glass361.jpg,glass,690,4
data/raw/glass/glass362.jpg,glass,691,3
data/raw/glass/glass363.jpg,glass,692,2
data/raw/glass/glass364.jpg,glass,693,2
data/raw/glass/glass365.jpg,glass,694,3
data/raw/glass/glass366.jpg,glass,695,4
data/raw/glass/glass367.jpg,glass,696,3
data/raw/glass/glass368.jpg,glass,697,0
data/raw/glass/glass369.jpg,glass,698,3
data/raw/glass/glass37.jpg,glass,699,3
data/raw/glass/glass370.jpg,glass,700,3
data/raw/glass/glass371.jpg,glass,701,1
data/raw/glass/glass372.jpg,glass,702,2
data/raw/glass/glass373.jpg,glass,703,0
data/raw/glass/glass374.jpg,glass,704,4
data/raw/glass/glass375.jpg,glass,705,3
data/raw/glass/glass376.jpg,glass,706,3
data/raw/glass/glass377.jpg,glass,707,1
data/raw/glass/glass378.jpg,glass,708,1
data/raw/glass/glass379.jpg,glass,709,0
data/raw/glass/glass380.jpg,glass,711,4
data/raw/glass/glass381.jpg,glass,712,3
data/raw/glass/glass382.jpg,glass,713,2
data/raw/glass/glass383.jpg,glass,714,0
data/raw/glass/glass384.jpg,glass,715,0
data/raw/glass/glass385.jpg,glass,716,2
data/raw/glass/glass386.jpg,glass,717,1
data/raw/glass/glass387.jpg,glass,718,2
data/raw/glass/glass388.jpg,glass,719,3
data/raw/glass/glass389.jpg,glass,720,2
data/raw/glass/glass39.jpg,glass,721,2
data/raw/glass/glass390.jpg,glass,722,3
data/raw/glass/glass391.jpg,glass,723,2
data/raw/glass/glass392.jpg,glass,724,2
data/raw/glass/glass393.jpg,glass,725,3
data/raw/glass/glass394.jpg,glass,726,2
data/raw/glass/glass395.jpg,glass,727,3
data/raw/glass/glass396.jpg,glass,728,3
data/raw/glass/glass397.jpg,glass,729,4
data/raw/glass/glass398.jpg,glass,730,4
data/raw/glass/glass399.jpg,glass,731,1
data/raw/glass/glass4.jpg,glass,732,4
data/raw/glass/glass40.jpg,glass,733,0
data/raw/glass/glass401.jpg,glass,735,4
data/raw/glass/glass402.jpg,glass,736,3
data/raw/glass/glass403.jpg,glass,737,3
data/raw/glass/glass404.jpg,glass,738,4
data/raw/glass/glass405.jpg,glass,739,0
data/raw/glass/glass406.jpg,glass,740,4
data/raw/glass/glass407.jpg,glass,741,2
data/raw/glass/glass408.jpg,glass,742,0
data/raw/glass/glass409.jpg,glass,743,1
data/raw/glass/glass41.jpg,glass,744,3
data/raw/glass/glass410.jpg,glass,745,0
data/raw/glass/glass411.jpg,glass,746,0
data/raw/glass/glass412.jpg,glass,747,2
data/raw/glass/glass413.jpg,glass,748,0
data/raw/glass/glass415.jpg,glass,750,2
data/raw/glass/glass416.jpg,glass,751,2
data/raw/glass/glass417.jpg,glass,752,2
data/raw/glass/glass418.jpg,glass,753,2
data/raw/glass/glass419.jpg,glass,754,0
data/raw/glass/glass42.jpg,glass,755,3
data/raw/glass/glass422.jpg,glass,758,0
data/raw/glass/glass423.jpg,glass,759,0
data/raw/glass/glass425.jpg,glass,761,1
data/raw/glass/glass427.jpg,glass,763,2
data/raw/glass/glass428.jpg,glass,764,3
data/raw/glass/glass429.jpg,glass,765,3
data/raw/glass/glass43.jpg,glass,766,1
data/raw/glass/glass430.jpg,glass,767,0
data/raw/glass/glass432.jpg,glass,769,1
data/raw/glass/glass434.jpg,glass,771,0
data/raw/glass/glass436.jpg,glass,773,2
data/raw/glass/glass44.jpg,glass,777,2
data/raw/glass/glass440.jpg,glass,778,3
data/raw/glass/glass441.jpg,glass,779,2
data/raw/glass/glass442.jpg,glass,780,3
data/raw/glass/glass445.jpg,glass,783,2
data/raw/glass/glass446.jpg,glass,784,4
data/raw/glass/glass447.jpg,glass,785,1
data/raw/glass/glass448.jpg,glass,786,0
data/raw/glass/glass449.jpg,glass,787,3
data/raw/glass/glass45.jpg,glass,788,1
data/raw/glass/glass450.jpg,glass,789,2
data/raw/glass/glass451.jpg,glass,790,0
data/raw/glass/glass452.jpg,glass,791,4
data/raw/glass/glass453.jpg,glass,792,1
data/raw/glass/glass454.jpg,glass,793,1
data/raw/glass/glass455.jpg,glass,794,3
data/raw/glass/glass456.jpg,glass,795,3
data/raw/glass/glass457.jpg,glass,796,0
data/raw/glass/glass458.jpg,glass,797,3
data/raw/glass/glass459.jpg,glass,798,2
data/raw/glass/glass46.jpg,glass,799,4
data/raw/glass/glass460.jpg,glass,800,1
data/raw/glass/glass461.jpg,glass,801,2
data/raw/glass/glass462.jpg,glass,802,4
data/raw/glass/glass463.jpg,glass,803,3
data/raw/glass/glass464.jpg,glass,804,1
data/raw/glass/glass465.jpg,glass,805,4
data/raw/glass/glass466.jpg,glass,806,0
data/raw/glass/glass467.jpg,glass,807,3
data/raw/glass/glass468.jpg,glass,808,0
data/raw/glass/glass47.jpg,glass,810,1
data/raw/glass/glass471.jpg,glass,812,4
data/raw/glass/glass472.jpg,glass,813,4
data/raw/glass/glass473.jpg,glass,814,2
data/raw/glass/glass475.jpg,glass,816,2
data/raw/glass/glass476.jpg,glass,817,2
data/raw/glass/glass477.jpg,glass,818,4
data/raw/glass/glass479.jpg,glass,820,4
data/raw/glass/glass480.jpg,glass,822,2
data/raw/glass/glass482.jpg,glass,824,4
data/raw/glass/glass483.jpg,glass,825,3
data/raw/glass/glass484.jpg,glass,826,1
data/raw/glass/glass486.jpg,glass,828,3
data/raw/glass/glass487.jpg,glass,829,2
data/raw/glass/glass488.jpg,glass,830,1
data/raw/glass/glass49.jpg,glass,832,0
data/raw/glass/glass490.jpg,glass,833,1
data/raw/glass/glass492.jpg,glass,835,4
data/raw/glass/glass494.jpg,glass,837,2
data/raw/glass/glass495.jpg,glass,838,4
data/raw/glass/glass496.jpg,glass,839,2
data/raw/glass/glass497.jpg,glass,840,1
data/raw/glass/glass498.jpg,glass,841,4
data/raw/glass/glass499.jpg,glass,842,1
data/raw/glass/glass5.jpg,glass,843,1
data/raw/glass/glass50.jpg,glass,844,4
data/raw/glass/glass500.jpg,glass,845,0
data/raw/glass/glass51.jpg,glass,847,3
data/raw/glass/glass52.jpg,glass,848,3
data/raw/glass/glass53.jpg,glass,849,3
data/raw/glass/glass54.jpg,glass,850,2
data/raw/glass/glass55.jpg,glass,851,3
data/raw/glass/glass57.jpg,glass,853,0
data/raw/glass/glass58.jpg,glass,854,0
data/raw/glass/glass59.jpg,glass,855,4
data/raw/glass/glass6.jpg,glass,856,1
data/raw/glass/glass61.jpg,glass,858,3
data/raw/glass/glass63.jpg,glass,860,3
data/raw/glass/glass64.jpg,glass,861,3
data/raw/glass/glass65.jpg,glass,862,2
data/raw/glass/glass66.jpg,glass,863,3
data/raw/glass/glass67.jpg,glass,864,4
data/raw/glass/glass68.jpg,glass,865,2
data/raw/glass/glass69.jpg,glass,866,2
data/raw/glass/glass7.jpg,glass,867,4
data/raw/glass/glass70.jpg,glass,868,2
data/raw/glass/glass71.jpg,glass,869,4
data/raw/glass/glass73.jpg,glass,871,3
data/raw/glass/glass74.jpg,glass,556,1
data/raw/glass/glass75.jpg,glass,872,1
data/raw/glass/glass76.jpg,glass,873,0
data/raw/glass/glass77.jpg,glass,874,4
data/raw/glass/glass79.jpg,glass,876,2
data/raw/glass/glass8.jpg,glass,877,1
data/raw/glass/glass80.jpg,glass,878,0
data/raw/glass/glass81.jpg,glass,879,0
data/raw/glass/glass82.jpg,glass,880,0
data/raw/glass/glass83.jpg,glass,881,2
data/raw/glass/glass84.jpg,glass,882,4
data/raw/glass/glass85.jpg,glass,883,1
data/raw/glass/glass86.jpg,glass,884,1
data/raw/glass/glass87.jpg,glass,885,0
data/raw/glass/glass88.jpg,glass,886,3
data/raw/glass/glass89.jpg,glass,887,3
data/raw/glass/glass9.jpg,glass,888,2
data/raw/glass/glass90.jpg,glass,889,4
data/raw/glass/glass91.jpg,glass,890,4
data/raw/glass/glass92.jpg,glass,891,2
data/raw/glass/glass93.jpg,glass,892,0
data/raw/glass/glass94.jpg,glass,893,4
data/raw/glass/glass95.jpg,glass,894,3
data/raw/glass/glass96.jpg,glass,895,4
data/raw/glass/glass97.jpg,glass,896,0
data/raw/glass/glass98.jpg,glass,897,3
data/raw/glass/glass99.jpg,glass,898,4
data/raw/metal/metal1.jpg,metal,899,3
data/raw/metal/metal10.jpg,metal,900,4
data/raw/metal/metal100.jpg,metal,901,1
data/raw/metal/metal101.jpg,metal,902,2
data/raw/metal/metal102.jpg,metal,903,4
data/raw/metal/metal103.jpg,metal,904,4
data/raw/metal/metal104.jpg,metal,905,1
data/raw/metal/metal105.jpg,metal,906,3
data/raw/metal/metal106.jpg,metal,907,2
data/raw/metal/metal107.jpg,metal,908,1
data/raw/metal/metal108.jpg,metal,909,0
data/raw/metal/metal109.jpg,metal,910,0
data/raw/metal/metal11.jpg,metal,911,4
data/raw/metal/metal112.jpg,metal,914,0
data/raw/metal/metal113.jpg,metal,915,4
data/raw/metal/metal114.jpg,metal,916,2
data/raw/metal/metal115.jpg,metal,917,3
data/raw/metal/metal116.jpg,metal,918,1
data/raw/metal/metal117.jpg,metal,919,0
data/raw/metal/metal118.jpg,metal,920,4
data/raw/metal/metal119.jpg,metal,921,4
data/raw/metal/metal12.jpg,metal,922,3
data/raw/metal/metal120.jpg,metal,923,4
data/raw/metal/metal121.jpg,metal,924,4
data/raw/metal/metal122.jpg,metal,925,2
data/raw/metal/metal123.jpg,metal,926,2
data/raw/metal/metal124.jpg,metal,927,0
data/raw/metal/metal127.jpg,metal,930,3
data/raw/metal/metal128.jpg,metal,931,2
data/raw/metal/metal129.jpg,metal,932,4
data/raw/metal/metal13.jpg,metal,933,3
data/raw/metal/metal130.jpg,metal,934,0
data/raw/metal/metal131.jpg,metal,935,1
data/raw/metal/metal134.jpg,metal,938,3
data/raw/metal/metal135.jpg,metal,939,4
data/raw/metal/metal136.jpg,metal,940,1
data/raw/metal/metal137.jpg,metal,941,0
data/raw/metal/metal138.jpg,metal,942,4
data/raw/metal/metal139.jpg,metal,943,0
data/raw/metal/metal140.jpg,metal,945,4
data/raw/metal/metal141.jpg,metal,946,2
data/raw/metal/metal142.jpg,metal,947,2
data/raw/metal/metal143.jpg,metal,948,3
data/raw/metal/metal145.jpg,metal,950,1
data/raw/metal/metal146.jpg,metal,951,3
data/raw/metal/metal147.jpg,metal,952,3
data/raw/metal/metal148.jpg,metal,953,1
data/raw/metal/metal150.jpg,metal,956,2
data/raw/metal/metal151.jpg,metal,957,0
data/raw/metal/metal152.jpg,metal,958,1
data/raw/metal/metal153.jpg,metal,959,1
data/raw/metal/metal154.jpg,metal,1024,0
data/raw/metal/metal156.jpg,metal,961,0
data/raw/metal/metal157.jpg,metal,962,4
data/raw/metal/metal158.jpg,metal,963,2
data/raw/metal/metal159.jpg,metal,964,0
data/raw/metal/metal160.jpg,metal,966,4
data/raw/metal/metal161.jpg,metal,967,1
data/raw/metal/metal162.jpg,metal,968,1
data/raw/metal/metal163.jpg,metal,969,3
data/raw/metal/metal164.jpg,metal,970,2
data/raw/metal/metal165.jpg,metal,971,3
data/raw/metal/metal166.jpg,metal,971,3
data/raw/metal/metal168.jpg,metal,973,0
data/raw/metal/metal169.jpg,metal,974,4
data/raw/metal/metal17.jpg,metal,975,2
data/raw/metal/metal170.jpg,metal,976,1
data/raw/metal/metal172.jpg,metal,978,3
data/raw/metal/metal173.jpg,metal,979,1
data/raw/metal/metal175.jpg,metal,981,1
data/raw/metal/metal176.jpg,metal,982,4
data/raw/metal/metal178.jpg,metal,1950,1
data/raw/metal/metal179.jpg,metal,984,2
data/raw/metal/metal180.jpg,metal,986,2
data/raw/metal/metal181.jpg,metal,987,4
data/raw/metal/metal182.jpg,metal,988,0
data/raw/metal/metal183.jpg,metal,989,4
data/raw/metal/metal184.jpg,metal,990,1
data/raw/metal/metal186.jpg,metal,992,0
data/raw/metal/metal187.jpg,metal,993,3
data/raw/metal/metal188.jpg,metal,994,2
data/raw/metal/metal189.jpg,metal,995,1
data/raw/metal/metal19.jpg,metal,996,4
data/raw/metal/metal190.jpg,metal,997,4
data/raw/metal/metal191.jpg,metal,998,1
data/raw/metal/metal192.jpg,metal,999,4
data/raw/metal/metal193.jpg,metal,1000,3
data/raw/metal/metal194.jpg,metal,1001,3
data/raw/metal/metal195.jpg,metal,1002,4
data/raw/metal/metal196.jpg,metal,1003,4
data/raw/metal/metal197.jpg,metal,1004,2
data/raw/metal/metal198.jpg,metal,1005,4
data/raw/metal/metal2.jpg,metal,1007,2
data/raw/metal/metal20.jpg,metal,1008,3
data/raw/metal/metal200.jpg,metal,1009,4
data/raw/metal/metal202.jpg,metal,1011,3
data/raw/metal/metal204.jpg,metal,1013,0
data/raw/metal/metal205.jpg,metal,1014,0
data/raw/metal/metal206.jpg,metal,1015,3
data/raw/metal/metal207.jpg,metal,1016,1
data/raw/metal/metal208.jpg,metal,1017,3
data/raw/metal/metal209.jpg,metal,1018,1
data/raw/metal/metal21.jpg,metal,1019,0
data/raw/metal/metal210.jpg,metal,1020,2
data/raw/metal/metal211.jpg,metal,1021,3
data/raw/metal/metal212.jpg,metal,1022,4
data/raw/metal/metal213.jpg,metal,1023,2
data/raw/metal/metal214.jpg,metal,1024,0
data/raw/metal/metal215.jpg,metal,1025,3
data/raw/metal/metal216.jpg,metal,1026,1
data/raw/metal/metal217.jpg,metal,1027,1
data/raw/metal/metal218.jpg,metal,1028,3
data/raw/metal/metal219.jpg,metal,1029,0
data/raw/metal/metal22.jpg,metal,1030,3
data/raw/metal/metal220.jpg,metal,1031,4
data/raw/metal/metal221.jpg,metal,911,4
data/raw/metal/metal222.jpg,metal,1032,4
data/raw/metal/metal223.jpg,metal,1033,0
data/raw/metal/metal224.jpg,metal,1034,3
data/raw/metal/metal228.jpg,metal,1038,4
data/raw/metal/metal229.jpg,metal,1039,2
data/raw/metal/metal23.jpg,metal,1040,0
data/raw/metal/metal230.jpg,metal,1041,1
data/raw/metal/metal231.jpg,metal,1042,2
data/raw/metal/metal232.jpg,metal,1043,1
data/raw/metal/metal233.jpg,metal,1044,1
data/raw/metal/metal234.jpg,metal,1045,4
data/raw/metal/metal235.jpg,metal,1046,0
data/raw/metal/metal236.jpg,metal,1047,2
data/raw/metal/metal237.jpg,metal,1048,0
data/raw/metal/metal238.jpg,metal,1049,0
data/raw/metal/metal239.jpg,metal,1050,3
data/raw/metal/metal24.jpg,metal,1051,1
data/raw/metal/metal240.jpg,metal,1052,3
data/raw/metal/metal241.jpg,metal,1053,2
data/raw/metal/metal242.jpg,metal,1054,3
data/raw/metal/metal243.jpg,metal,1055,4
data/raw/metal/metal244.jpg,metal,1056,0
data/raw/metal/metal245.jpg,metal,1057,0
data/raw/metal/metal246.jpg,metal,1058,0
data/raw/metal/metal247.jpg,metal,1059,0
data/raw/metal/metal248.jpg,metal,1060,1
data/raw/metal/metal249.jpg,metal,1061,0
data/raw/metal/metal25.jpg,metal,1062,2
data/raw/metal/metal251.jpg,metal,1064,4
data/raw/metal/metal253.jpg,metal,1066,2
data/raw/metal/metal255.jpg,metal,1068,4
data/raw/metal/metal256.jpg,metal,1069,1
data/raw/metal/metal257.jpg,metal,1070,0
data/raw/metal/metal259.jpg,metal,1072,1
data/raw/metal/metal26.jpg,metal,1073,4
data/raw/metal/metal260.jpg,metal,1074,1
data/raw/metal/metal261.jpg,metal,1075,4
data/raw/metal/metal262.jpg,metal,1076,4
data/raw/metal/metal263.jpg,metal,1077,0
data/raw/metal/metal264.jpg,metal,1078,1
data/raw/metal/metal265.jpg,metal,1079,1
data/raw/metal/metal266.jpg,metal,1080,2
data/raw/metal/metal267.jpg,metal,1081,1
data/raw/metal/metal268.jpg,metal,1082,4
data/raw/metal/metal27.jpg,metal,1084,3
data/raw/metal/metal270.jpg,metal,1085,1
data/raw/metal/metal271.jpg,metal,1086,4
data/raw/metal/metal272.jpg,metal,1087,0
data/raw/metal/metal273.jpg,metal,1088,4
data/raw/metal/metal274.jpg,metal,1089,3
data/raw/metal/metal275.jpg,metal,1090,0
data/raw/metal/metal276.jpg,metal,1091,3
data/raw/metal/metal278.jpg,metal,1093,4
data/raw/metal/metal279.jpg,metal,1094,3
data/raw/metal/metal28.jpg,metal,1095,1
data/raw/metal/metal281.jpg,metal,1097,0
data/raw/metal/metal282.jpg,metal,1098,2
data/raw/metal/metal283.jpg,metal,1099,2
data/raw/metal/metal284.jpg,metal,1100,4
data/raw/metal/metal285.jpg,metal,1101,3
data/raw/metal/metal288.jpg,metal,1104,0
data/raw/metal/metal289.jpg,metal,1105,2
data/raw/metal/metal29.jpg,metal,1106,4
data/raw/metal/metal290.jpg,metal,1107,2
data/raw/metal/metal291.jpg,metal,1108,0
data/raw/metal/metal292.jpg,metal,1109,1
data/raw/metal/metal293.jpg,metal,1110,2
data/raw/metal/metal295.jpg,metal,1112,1
data/raw/metal/metal296.jpg,metal,1113,1
data/raw/metal/metal298.jpg,metal,1115,4
data/raw/metal/metal299.jpg,metal,1116,0
data/raw/metal/metal3.jpg,metal,1117,4
data/raw/metal/metal30.jpg,metal,1118,4
data/raw/metal/metal300.jpg,metal,1119,1
data/raw/metal/metal301.jpg,metal,1120,2
data/raw/metal/metal302.jpg,metal,1121,2
data/raw/metal/metal303.jpg,metal,1122,2
data/raw/metal/metal304.jpg,metal,1123,1
data/raw/metal/metal305.jpg,metal,1124,4
data/raw/metal/metal306.jpg,metal,1125,4
data/raw/metal/metal307.jpg,metal,1126,1
data/raw/metal/metal309.jpg,metal,1128,3
data/raw/metal/metal31.jpg,metal,1129,1
data/raw/metal/metal310.jpg,metal,1130,0
data/raw/metal/metal311.jpg,metal,1131,1
data/raw/metal/metal312.jpg,metal,1132,3
data/raw/metal/metal313.jpg,metal,1133,3
data/raw/metal/metal314.jpg,metal,1134,2
data/raw/metal/metal315.jpg,metal,1135,3
data/raw/metal/metal316.jpg,metal,1136,1
data/raw/metal/metal317.jpg,metal,1137,2
data/raw/metal/metal318.jpg,metal,1138,2
data/raw/metal/metal319.jpg,metal,1139,4
data/raw/metal/metal32.jpg,metal,1140,1
data/raw/metal/metal320.jpg,metal,1141,0
data/raw/metal/metal322.jpg,metal,1143,0
data/raw/metal/metal323.jpg,metal,1144,3
data/raw/metal/metal324.jpg,metal,1145,2
data/raw/metal/metal325.jpg,metal,1146,0
data/raw/metal/metal327.jpg,metal,1148,0
data/raw/metal/metal328.jpg,metal,1149,2
data/raw/metal/metal329.jpg,metal,1150,2
data/raw/metal/metal33.jpg,metal,1151,1
data/raw/metal/metal330.jpg,metal,1152,3
data/raw/metal/metal331.jpg,metal,1153,3
data/raw/metal/metal332.jpg,metal,1154,4
data/raw/metal/metal333.jpg,metal,1155,1
data/raw/metal/metal334.jpg,metal,1156,1
data/raw/metal/metal335.jpg,metal,1157,1
data/raw/metal/metal336.jpg,metal,1158,2
data/raw/metal/metal337.jpg,metal,1159,0
data/raw/metal/metal338.jpg,metal,1160,2
data/raw/metal/metal341.jpg,metal,1164,0
data/raw/metal/metal342.jpg,metal,1165,2
data/raw/metal/metal343.jpg,metal,1166,3
data/raw/metal/metal344.jpg,metal,1167,3
data/raw/metal/metal346.jpg,metal,1169,1
data/raw/metal/metal347.jpg,metal,1170,4
data/raw/metal/metal348.jpg,metal,1171,1
data/raw/metal/metal349.jpg,metal,1172,2
data/raw/metal/metal35.jpg,metal,1169,1
data/raw/metal/metal350.jpg,metal,1173,2
data/raw/metal/metal351.jpg,metal,1174,0
data/raw/metal/metal352.jpg,metal,1175,2
data/raw/metal/metal354.jpg,metal,1177,0
data/raw/metal/metal355.jpg,metal,1178,0
data/raw/metal/metal356.jpg,metal,1179,1
data/raw/metal/metal357.jpg,metal,1180,0
data/raw/metal/metal358.jpg,metal,1181,3
data/raw/metal/metal36.jpg,metal,1183,0
data/raw/metal/metal360.jpg,metal,1184,4
data/raw/metal/metal361.jpg,metal,1185,0
data/raw/metal/metal362.jpg,metal,1186,1
data/raw/metal/metal363.jpg,metal,1187,0
data/raw/metal/metal364.jpg,metal,1188,1
data/raw/metal/metal366.jpg,metal,1190,1
data/raw/metal/metal367.jpg,metal,1191,2
data/raw/metal/metal368.jpg,metal,1192,2
data/raw/metal/metal369.jpg,metal,1193,0
data/raw/metal/metal37.jpg,metal,1194,0
data/raw/metal/metal370.jpg,metal,1195,4
data/raw/metal/metal372.jpg,metal,1197,4
data/raw/metal/metal373.jpg,metal,1198,2
data/raw/metal/metal374.jpg,metal,1199,1
data/raw/metal/metal376.jpg,metal,1201,3
data/raw/metal/metal377.jpg,metal,1202,4
data/raw/metal/metal379.jpg,metal,1204,1
data/raw/metal/metal38.jpg,metal,1205,1
data/raw/metal/metal380.jpg,metal,1206,0
data/raw/metal/metal381.jpg,metal,1207,3
data/raw/metal/metal382.jpg,metal,1208,2
data/raw/metal/metal383.jpg,metal,1209,2
data/raw/metal/metal384.jpg,metal,1210,0
data/raw/metal/metal385.jpg,metal,1211,3
data/raw/metal/metal386.jpg,metal,1212,3
data/raw/metal/metal387.jpg,metal,1213,0
data/raw/metal/metal388.jpg,metal,1214,2
data/raw/metal/metal389.jpg,metal,1215,2
data/raw/metal/metal39.jpg,metal,1216,1
data/raw/metal/metal391.jpg,metal,1218,3
data/raw/metal/metal392.jpg,metal,1219,0
data/raw/metal/metal393.jpg,metal,1220,3
data/raw/metal/metal394.jpg,metal,1221,3
data/raw/metal/metal396.jpg,metal,1223,3
data/raw/metal/metal397.jpg,metal,1224,2
data/raw/metal/metal398.jpg,metal,1225,1
data/raw/metal/metal399.jpg,metal,1226,3
data/raw/metal/metal4.jpg,metal,1227,2
data/raw/metal/metal40.jpg,metal,1228,0
data/raw/metal/metal400.jpg,metal,1229,0
data/raw/metal/metal401.jpg,metal,1230,3
data/raw/metal/metal402.jpg,metal,1231,1
data/raw/metal/metal403.jpg,metal,1232,4
data/raw/metal/metal404.jpg,metal,1233,1
data/raw/metal/metal405.jpg,metal,1234,3
data/raw/metal/metal406.jpg,metal,1235,2
data/raw/metal/metal407.jpg,metal,1236,3
data/raw/metal/metal408.jpg,metal,1237,4
data/raw/metal/metal409.jpg,metal,1238,4
data/raw/metal/metal41.jpg,metal,1239,3
data/raw/metal/metal410.jpg,metal,1240,2
data/raw/metal/metal42.jpg,metal,1241,1
data/raw/metal/metal43.jpg,metal,1242,4
data/raw/metal/metal44.jpg,metal,1243,0
data/raw/metal/metal45.jpg,metal,1244,0
data/raw/metal/metal46.jpg,metal,1245,4
data/raw/metal/metal47.jpg,metal,1246,2
data/raw/metal/metal48.jpg,metal,1247,4
data/raw/metal/metal49.jpg,metal,1248,4
data/raw/metal/metal5.jpg,metal,1249,1
data/raw/metal/metal50.jpg,metal,923,4
data/raw/metal/metal51.jpg,metal,1250,1
data/raw/metal/metal52.jpg,metal,1251,2
data/raw/metal/metal53.jpg,metal,1252,3
data/raw/metal/metal54.jpg,metal,1253,1
data/raw/metal/metal55.jpg,metal,1254,3
data/raw/metal/metal56.jpg,metal,1255,3
data/raw/metal/metal57.jpg,metal,925,2
data/raw/metal/metal58.jpg,metal,1256,3
data/raw/metal/metal59.jpg,metal,1257,3
data/raw/metal/metal61.jpg,metal,1259,0
data/raw/metal/metal62.jpg,metal,1260,4
data/raw/metal/metal63.jpg,metal,1261,1
data/raw/metal/metal64.jpg,metal,1262,4
data/raw/metal/metal65.jpg,metal,1263,4
data/raw/metal/metal66.jpg,metal,1264,4
data/raw/metal/metal67.jpg,metal,1265,4
data/raw/metal/metal69.jpg,metal,1267,4
data/raw/metal/metal7.jpg,metal,1268,0
data/raw/metal/metal70.jpg,metal,1269,3
data/raw/metal/metal71.jpg,metal,1270,4
data/raw/metal/metal72.jpg,metal,1271,2
data/raw/metal/metal73.jpg,metal,1272,1
data/raw/metal/metal74.jpg,metal,1273,0
data/raw/metal/metal75.jpg,metal,1274,0
data/raw/metal/metal76.jpg,metal,1221,3
data/raw/metal/metal78.jpg,metal,1276,3
data/raw/metal/metal79.jpg,metal,1277,2
data/raw/metal/metal8.jpg,metal,1278,0
data/raw/metal/metal80.jpg,metal,1279,0
data/raw/metal/metal82.jpg,metal,1281,2
data/raw/metal/metal83.jpg,metal,1282,2
data/raw/metal/metal85.jpg,metal,1284,2
data/raw/metal/metal86.jpg,metal,1285,3
data/raw/metal/metal87.jpg,metal,1286,0
data/raw/metal/metal88.jpg,metal,1287,2
data/raw/metal/metal89.jpg,metal,1288,0
data/raw/metal/metal91.jpg,metal,419,2
data/raw/metal/metal92.jpg,metal,1290,3
data/raw/metal/metal93.jpg,metal,1291,2
data/raw/metal/metal94.jpg,metal,1292,0
data/raw/metal/metal95.jpg,metal,1293,3
data/raw/metal/metal96.jpg,metal,1294,2
data/raw/metal/metal97.jpg,metal,1295,2
data/raw/metal/metal98.jpg,metal,1296,3
data/raw/metal/metal99.jpg,metal,1297,3
data/raw/paper/paper1.jpg,paper,1298,0
data/raw/paper/paper100.jpg,paper,1300,0
data/raw/paper/paper101.jpg,paper,1301,2
data/raw/paper/paper102.jpg,paper,1302,1
data/raw/paper/paper103.jpg,paper,1303,1
data/raw/paper/paper104.jpg,paper,1304,0
data/raw/paper/paper105.jpg,paper,1305,4
data/raw/paper/paper106.jpg,paper,1306,4
data/raw/paper/paper107.jpg,paper,1307,0
data/raw/paper/paper108.jpg,paper,1301,2
data/raw/paper/paper109.jpg,paper,1308,3
data/raw/paper/paper11.jpg,paper,1309,2
data/raw/paper/paper111.jpg,paper,1311,0
data/raw/paper/paper112.jpg,paper,1312,1
data/raw/paper/paper113.jpg,paper,1313,1
data/raw/paper/paper114.jpg,paper,1314,1
data/raw/paper/paper116.jpg,paper,1316,0
data/raw/paper/paper117.jpg,paper,1317,0
data/raw/paper/paper118.jpg,paper,1318,3
data/raw/paper/paper119.jpg,paper,1319,1
data/raw/paper/paper120.jpg,paper,1321,0
data/raw/paper/paper121.jpg,paper,1322,3
data/raw/paper/paper122.jpg,paper,1323,2
data/raw/paper/paper124.jpg,paper,1325,1
data/raw/paper/paper125.jpg,paper,1326,4
data/raw/paper/paper126.jpg,paper,1327,4
data/raw/paper/paper127.jpg,paper,1328,1
data/raw/paper/paper128.jpg,paper,1329,4
data/raw/paper/paper129.jpg,paper,1330,1
data/raw/paper/paper13.jpg,paper,1331,3
data/raw/paper/paper130.jpg,paper,1332,0
data/raw/paper/paper131.jpg,paper,1333,3
data/raw/paper/paper132.jpg,paper,1334,1
data/raw/paper/paper134.jpg,paper,1336,1
data/raw/paper/paper135.jpg,paper,1337,0
data/raw/paper/paper136.jpg,paper,1338,1
data/raw/paper/paper137.jpg,paper,1339,4
data/raw/paper/paper138.jpg,paper,1340,3
data/raw/paper/paper139.jpg,paper,1341,3
data/raw/paper/paper14.jpg,paper,1342,2
data/raw/paper/paper141.jpg,paper,1344,2
data/raw/paper/paper142.jpg,paper,1345,2
data/raw/paper/paper143.jpg,paper,1346,2
data/raw/paper/paper144.jpg,paper,1347,0
data/raw/paper/paper145.jpg,paper,1348,4
data/raw/paper/paper147.jpg,paper,1350,4
data/raw/paper/paper148.jpg,paper,1338,1
data/raw/paper/paper149.jpg,paper,1351,3
data/raw/paper/paper15.jpg,paper,1352,1
data/raw/paper/paper150.jpg,paper,1353,1
data/raw/paper/paper151.jpg,paper,1354,1
data/raw/paper/paper152.jpg,paper,1355,3
data/raw/paper/paper154.jpg,paper,1357,0
data/raw/paper/paper155.jpg,paper,1358,4
data/raw/paper/paper156.jpg,paper,1359,2
data/raw/paper/paper157.jpg,paper,1360,2
data/raw/paper/paper158.jpg,paper,1361,2
data/raw/paper/paper159.jpg,paper,1362,2
data/raw/paper/paper160.jpg,paper,1364,4
data/raw/paper/paper161.jpg,paper,1365,2
data/raw/paper/paper162.jpg,paper,1366,3
data/raw/paper/paper163.jpg,paper,1367,3
data/raw/paper/paper164.jpg,paper,1368,0
data/raw/paper/paper165.jpg,paper,1369,4
data/raw/paper/paper166.jpg,paper,1370,4
data/raw/paper/paper168.jpg,paper,1372,4
data/raw/paper/paper169.jpg,paper,1373,4
data/raw/paper/paper17.jpg,paper,1374,3
data/raw/paper/paper170.jpg,paper,1375,0
data/raw/paper/paper171.jpg,paper,1376,2
data/raw/paper/paper172.jpg,paper,1377,0
data/raw/paper/paper173.jpg,paper,1378,2
data/raw/paper/paper174.jpg,paper,1379,2
data/raw/paper/paper175.jpg,paper,1380,0
data/raw/paper/paper176.jpg,paper,1381,4
data/raw/paper/paper177.jpg,paper,1382,4
data/raw/paper/paper178.jpg,paper,1383,1
data/raw/paper/paper179.jpg,paper,1384,0
data/raw/paper/paper18.jpg,paper,1385,2
data/raw/paper/paper180.jpg,paper,1386,4
data/raw/paper/paper181.jpg,paper,1387,1
data/raw/paper/paper182.jpg,paper,1388,3
data/raw/paper/paper183.jpg,paper,1389,3
data/raw/paper/paper184.jpg,paper,1390,0
data/raw/paper/paper185.jpg,paper,1391,3
data/raw/paper/paper186.jpg,paper,1392,0
data/raw/paper/paper187.jpg,paper,1393,0
data/raw/paper/paper188.jpg,paper,1394,4
data/raw/paper/paper189.jpg,paper,1395,2
data/raw/paper/paper19.jpg,paper,1396,3
data/raw/paper/paper190.jpg,paper,1397,1
data/raw/paper/paper191.jpg,paper,1398,1
data/raw/paper/paper192.jpg,paper,1399,1
data/raw/paper/paper193.jpg,paper,1400,4
data/raw/paper/paper194.jpg,paper,1401,0
data/raw/paper/paper195.jpg,paper,1402,1
data/raw/paper/paper196.jpg,paper,1403,0
data/raw/paper/paper197.jpg,paper,1404,1
data/raw/paper/paper198.jpg,paper,1405,3
data/raw/paper/paper199.jpg,paper,1406,3
data/raw/paper/paper2.jpg,paper,1407,0
data/raw/paper/paper20.jpg,paper,1408,3
data/raw/paper/paper200.jpg,paper,1409,3
data/raw/paper/paper201.jpg,paper,1410,4
data/raw/paper/paper202.jpg,paper,1411,0
data/raw/paper/paper203.jpg,paper,1412,1
data/raw/paper/paper204.jpg,paper,1413,3
data/raw/paper/paper205.jpg,paper,1414,4
data/raw/paper/paper207.jpg,paper,1416,0
data/raw/paper/paper208.jpg,paper,1417,0
data/raw/paper/paper209.jpg,paper,1418,4
data/raw/paper/paper21.jpg,paper,1419,0
data/raw/paper/paper210.jpg,paper,1420,3
data/raw/paper/paper211.jpg,paper,1421,1
data/raw/paper/paper212.jpg,paper,1422,3
data/raw/paper/paper213.jpg,paper,1423,4
data/raw/paper/paper214.jpg,paper,1424,0
data/raw/paper/paper215.jpg,paper,1425,1
data/raw/paper/paper216.jpg,paper,1426,0
data/raw/paper/paper217.jpg,paper,1427,0
data/raw/paper/paper218.jpg,paper,1428,4
data/raw/paper/paper219.jpg,paper,1429,0
data/raw/paper/paper22.jpg,paper,1430,1
data/raw/paper/paper220.jpg,paper,1431,1
data/raw/paper/paper221.jpg,paper,1432,4
data/raw/paper/paper223.jpg,paper,1434,4
data/raw/paper/paper224.jpg,paper,1435,4
data/raw/paper/paper225.jpg,paper,1436,4
data/raw/paper/paper226.jpg,paper,1437,4
data/raw/paper/paper227.jpg,paper,1438,1
data/raw/paper/paper228.jpg,paper,1439,4
data/raw/paper/paper229.jpg,paper,1440,4
data/raw/paper/paper230.jpg,paper,1442,1
data/raw/paper/paper231.jpg,paper,1443,4
data/raw/paper/paper232.jpg,paper,1444,2
data/raw/paper/paper233.jpg,paper,1445,0
data/raw/paper/paper234.jpg,paper,1446,3
data/raw/paper/paper235.jpg,paper,1447,2
data/raw/paper/paper236.jpg,paper,1448,1
data/raw/paper/paper237.jpg,paper,1449,3
data/raw/paper/paper238.jpg,paper,1450,2
data/raw/paper/paper239.jpg,paper,1451,0
data/raw/paper/paper24.jpg,paper,1452,3
data/raw/paper/paper241.jpg,paper,1454,0
data/raw/paper/paper242.jpg,paper,1455,2
data/raw/paper/paper243.jpg,paper,1456,2
data/raw/paper/paper244.jpg,paper,1457,1
data/raw/paper/paper245.jpg,paper,1458,0
data/raw/paper/paper246.jpg,paper,1459,3
data/raw/paper/paper247.jpg,paper,1460,3
data/raw/paper/paper248.jpg,paper,1461,2
data/raw/paper/paper249.jpg,paper,1462,0
data/raw/paper/paper25.jpg,paper,1463,0
data/raw/paper/paper250.jpg,paper,1464,1
data/raw/paper/paper251.jpg,paper,1465,3
data/raw/paper/paper252.jpg,paper,1466,0
data/raw/paper/paper253.jpg,paper,1467,2
data/raw/paper/paper254.jpg,paper,1468,4
data/raw/paper/paper255.jpg,paper,1469,4
data/raw/paper/paper256.jpg,paper,1470,3
data/raw/paper/paper257.jpg,paper,1471,1
data/raw/paper/paper258.jpg,paper,1472,3
data/raw/paper/paper259.jpg,paper,1473,3
data/raw/paper/paper26.jpg,paper,1474,2
data/raw/paper/paper261.jpg,paper,1476,4
data/raw/paper/paper262.jpg,paper,1477,4
data/raw/paper/paper263.jpg,paper,1478,2
data/raw/paper/paper264.jpg,paper,1479,3
data/raw/paper/paper265.jpg,paper,1480,2
data/raw/paper/paper266.jpg,paper,1481,3
data/raw/paper/paper267.jpg,paper,1482,4
data/raw/paper/paper268.jpg,paper,1483,2
data/raw/paper/paper269.jpg,paper,1484,1
data/raw/paper/paper27.jpg,paper,1485,1
data/raw/paper/paper270.jpg,paper,1486,4
data/raw/paper/paper271.jpg,paper,1487,0
data/raw/paper/paper272.jpg,paper,1488,4
data/raw/paper/paper273.jpg,paper,1489,0
data/raw/paper/paper274.jpg,paper,1490,1
data/raw/paper/paper275.jpg,paper,1491,1
data/raw/paper/paper278.jpg,paper,1494,2
data/raw/paper/paper279.jpg,paper,1495,0
data/raw/paper/paper28.jpg,paper,1496,4
data/raw/paper/paper280.jpg,paper,1497,4
data/raw/paper/paper281.jpg,paper,1498,2
data/raw/paper/paper282.jpg,paper,1499,4
data/raw/paper/paper283.jpg,paper,1500,0
data/raw/paper/paper284.jpg,paper,1386,4
data/raw/paper/paper286.jpg,paper,1502,0
data/raw/paper/paper287.jpg,paper,1503,0
data/raw/paper/paper288.jpg,paper,1504,2
data/raw/paper/paper289.jpg,paper,1505,3
data/raw/paper/paper290.jpg,paper,1507,3
data/raw/paper/paper291.jpg,paper,1508,1
data/raw/paper/paper292.jpg,paper,1509,3
data/raw/paper/paper293.jpg,paper,1510,4
data/raw/paper/paper294.jpg,paper,1511,2
data/raw/paper/paper295.jpg,paper,1512,0
data/raw/paper/paper297.jpg,paper,1514,1
data/raw/paper/paper298.jpg,paper,1515,2
data/raw/paper/paper299.jpg,paper,1516,1
data/raw/paper/paper3.jpg,paper,1517,1
data/raw/paper/paper300.jpg,paper,1519,4
data/raw/paper/paper302.jpg,paper,1521,4
data/raw/paper/paper303.jpg,paper,1522,3
data/raw/paper/paper304.jpg,paper,1523,3
data/raw/paper/paper305.jpg,paper,1524,0
data/raw/paper/paper307.jpg,paper,1525,0
data/raw/paper/paper308.jpg,paper,1524,0
data/raw/paper/paper309.jpg,paper,1526,1
data/raw/paper/paper31.jpg,paper,1527,3
data/raw/paper/paper310.jpg,paper,1528,3
data/raw/paper/paper311.jpg,paper,1529,3
data/raw/paper/paper312.jpg,paper,1530,2
data/raw/paper/paper313.jpg,paper,1531,3
data/raw/paper/paper314.jpg,paper,1532,2
data/raw/paper/paper315.jpg,paper,1533,2
data/raw/paper/paper316.jpg,paper,1534,1
data/raw/paper/paper317.jpg,paper,1535,0
data/raw/paper/paper319.jpg,paper,1537,4
data/raw/paper/paper32.jpg,paper,1538,4
data/raw/paper/paper320.jpg,paper,1539,1
data/raw/paper/paper321.jpg,paper,1540,4
data/raw/paper/paper322.jpg,paper,1541,1
data/raw/paper/paper323.jpg,paper,1542,1
data/raw/paper/paper324.jpg,paper,1543,0
data/raw/paper/paper325.jpg,paper,1544,4
data/raw/paper/paper326.jpg,paper,1545,0
data/raw/paper/paper329.jpg,paper,1548,1
data/raw/paper/paper33.jpg,paper,1549,3
data/raw/paper/paper330.jpg,paper,1550,2
data/raw/paper/paper331.jpg,paper,1551,2
data/raw/paper/paper332.jpg,paper,1552,0
data/raw/paper/paper333.jpg,paper,1553,1
data/raw/paper/paper334.jpg,paper,1554,4
data/raw/paper/paper335.jpg,paper,1555,1
data/raw/paper/paper336.jpg,paper,1556,2
data/raw/paper/paper337.jpg,paper,1557,3
data/raw/paper/paper338.jpg,paper,1558,2
data/raw/paper/paper339.jpg,paper,1559,1
data/raw/paper/paper34.jpg,paper,1560,2
data/raw/paper/paper340.jpg,paper,1561,2
data/raw/paper/paper341.jpg,paper,1562,1
data/raw/paper/paper342.jpg,paper,1563,1
data/raw/paper/paper343.jpg,paper,1564,2
data/raw/paper/paper344.jpg,paper,1565,0
data/raw/paper/paper346.jpg,paper,1567,1
data/raw/paper/paper348.jpg,paper,1569,3
data/raw/paper/paper349.jpg,paper,1459,3
data/raw/paper/paper35.jpg,paper,1570,2
data/raw/paper/paper350.jpg,paper,1571,2
data/raw/paper/paper351.jpg,paper,1572,3
data/raw/paper/paper353.jpg,paper,1574,2
data/raw/paper/paper354.jpg,paper,1575,2
data/raw/paper/paper355.jpg,paper,1576,2
data/raw/paper/paper356.jpg,paper,1577,1
data/raw/paper/paper357.jpg,paper,1578,1
data/raw/paper/paper358.jpg,paper,1579,4
data/raw/paper/paper359.jpg,paper,1580,2
data/raw/paper/paper36.jpg,paper,1581,3
data/raw/paper/paper360.jpg,paper,1582,3
data/raw/paper/paper361.jpg,paper,1583,1
data/raw/paper/paper362.jpg,paper,1584,0
data/raw/paper/paper363.jpg,paper,1585,1
data/raw/paper/paper364.jpg,paper,1586,3
data/raw/paper/paper365.jpg,paper,1587,1
data/raw/paper/paper366.jpg,paper,1588,3
data/raw/paper/paper367.jpg,paper,1589,3
data/raw/paper/paper368.jpg,paper,1590,1
data/raw/paper/paper369.jpg,paper,1591,2
data/raw/paper/paper37.jpg,paper,1592,0
data/raw/paper/paper370.jpg,paper,1593,0
data/raw/paper/paper371.jpg,paper,1594,4
data/raw/paper/paper373.jpg,paper,1596,0
data/raw/paper/paper374.jpg,paper,1597,4
data/raw/paper/paper375.jpg,paper,1598,2
data/raw/paper/paper376.jpg,paper,1599,4
data/raw/paper/paper378.jpg,paper,1601,1
data/raw/paper/paper379.jpg,paper,1602,0
data/raw/paper/paper38.jpg,paper,1603,2
data/raw/paper/paper380.jpg,paper,1604,3
data/raw/paper/paper381.jpg,paper,1605,3
data/raw/paper/paper382.jpg,paper,1606,1
data/raw/paper/paper383.jpg,paper,1607,4
data/raw/paper/paper384.jpg,paper,1608,0
data/raw/paper/paper386.jpg,paper,1610,4
data/raw/paper/paper387.jpg,paper,1611,1
data/raw/paper/paper388.jpg,paper,1612,2
data/raw/paper/paper389.jpg,paper,1613,3
data/raw/paper/paper39.jpg,paper,1614,2
data/raw/paper/paper390.jpg,paper,1391,3
data/raw/paper/paper392.jpg,paper,1355,3
data/raw/paper/paper393.jpg,paper,1616,2
data/raw/paper/paper394.jpg,paper,1617,4
data/raw/paper/paper395.jpg,paper,1618,1
data/raw/paper/paper396.jpg,paper,1619,3
data/raw/paper/paper397.jpg,paper,1620,4
data/raw/paper/paper398.jpg,paper,1621,4
data/raw/paper/paper399.jpg,paper,1622,3
data/raw/paper/paper4.jpg,paper,1623,1
data/raw/paper/paper40.jpg,paper,1407,0
data/raw/paper/paper401.jpg,paper,1625,0
data/raw/paper/paper402.jpg,paper,1626,3
data/raw/paper/paper403.jpg,paper,1627,1
data/raw/paper/paper404.jpg,paper,1628,4
data/raw/paper/paper405.jpg,paper,1629,4
data/raw/paper/paper406.jpg,paper,1630,3
data/raw/paper/paper407.jpg,paper,1631,3
data/raw/paper/paper408.jpg,paper,1480,2
data/raw/paper/paper409.jpg,paper,1632,1
data/raw/paper/paper41.jpg,paper,1633,3
data/raw/paper/paper410.jpg,paper,1634,2
data/raw/paper/paper412.jpg,paper,1636,2
data/raw/paper/paper413.jpg,paper,1637,4
data/raw/paper/paper414.jpg,paper,1638,3
data/raw/paper/paper415.jpg,paper,1639,4
data/raw/paper/paper417.jpg,paper,1641,0
data/raw/paper/paper418.jpg,paper,1642,4
data/raw/paper/paper419.jpg,paper,1643,1
data/raw/paper/paper42.jpg,paper,1644,1
data/raw/paper/paper420.jpg,paper,1645,2
data/raw/paper/paper422.jpg,paper,1647,2
data/raw/paper/paper424.jpg,paper,1649,3
data/raw/paper/paper425.jpg,paper,1650,0
data/raw/paper/paper426.jpg,paper,1651,4
data/raw/paper/paper427.jpg,paper,1652,4
data/raw/paper/paper428.jpg,paper,1653,3
data/raw/paper/paper43.jpg,paper,1655,4
data/raw/paper/paper430.jpg,paper,1656,3
data/raw/paper/paper431.jpg,paper,1657,0
data/raw/paper/paper432.jpg,paper,1658,2
data/raw/paper/paper433.jpg,paper,1659,3
data/raw/paper/paper435.jpg,paper,1661,1
data/raw/paper/paper438.jpg,paper,1664,2
data/raw/paper/paper440.jpg,paper,1667,3
data/raw/paper/paper441.jpg,paper,1668,1
data/raw/paper/paper442.jpg,paper,1669,3
data/raw/paper/paper443.jpg,paper,1670,0
data/raw/paper/paper446.jpg,paper,1673,0
data/raw/paper/paper447.jpg,paper,1674,3
data/raw/paper/paper448.jpg,paper,1675,4
data/raw/paper/paper449.jpg,paper,1676,2
data/raw/paper/paper45.jpg,paper,1677,3
data/raw/paper/paper450.jpg,paper,1678,0
data/raw/paper/paper452.jpg,paper,1679,0
data/raw/paper/paper453.jpg,paper,1680,4
data/raw/paper/paper455.jpg,paper,1682,2
data/raw/paper/paper457.jpg,paper,1684,1
data/raw/paper/paper458.jpg,paper,1685,2
data/raw/paper/paper459.jpg,paper,1686,3
data/raw/paper/paper46.jpg,paper,1687,2
data/raw/paper/paper460.jpg,paper,1688,2
data/raw/paper/paper461.jpg,paper,1689,4
data/raw/paper/paper462.jpg,paper,1690,4
data/raw/paper/paper464.jpg,paper,1692,0
data/raw/paper/paper466.jpg,paper,1686,3
data/raw/paper/paper467.jpg,paper,1614,2
data/raw/paper/paper468.jpg,paper,1694,0
data/raw/paper/paper469.jpg,paper,1695,3
data/raw/paper/paper47.jpg,paper,1696,4
data/raw/paper/paper470.jpg,paper,1697,1
data/raw/paper/paper471.jpg,paper,1698,0
data/raw/paper/paper472.jpg,paper,1699,1
data/raw/paper/paper473.jpg,paper,1700,0
data/raw/paper/paper474.jpg,paper,1701,4
data/raw/paper/paper475.jpg,paper,1702,3
data/raw/paper/paper476.jpg,paper,1703,0
data/raw/paper/paper477.jpg,paper,1704,4
data/raw/paper/paper478.jpg,paper,1705,1
data/raw/paper/paper479.jpg,paper,1706,1
data/raw/paper/paper48.jpg,paper,1707,2
data/raw/paper/paper480.jpg,paper,1708,2
data/raw/paper/paper482.jpg,paper,1710,3
data/raw/paper/paper484.jpg,paper,1712,4
data/raw/paper/paper485.jpg,paper,1713,2
data/raw/paper/paper486.jpg,paper,1714,4
data/raw/paper/paper487.jpg,paper,1715,3
data/raw/paper/paper488.jpg,paper,1716,2
data/raw/paper/paper49.jpg,paper,1718,4
data/raw/paper/paper490.jpg,paper,1719,2
data/raw/paper/paper491.jpg,paper,1720,3
data/raw/paper/paper492.jpg,paper,1721,0
data/raw/paper/paper493.jpg,paper,1722,0
data/raw/paper/paper494.jpg,paper,1723,2
data/raw/paper/paper495.jpg,paper,1724,2
data/raw/paper/paper496.jpg,paper,1337,0
data/raw/paper/paper498.jpg,paper,1726,0
data/raw/paper/paper499.jpg,paper,1727,2
data/raw/paper/paper5.jpg,paper,1728,1
data/raw/paper/paper50.jpg,paper,1729,2
data/raw/paper/paper500.jpg,paper,1730,3
data/raw/paper/paper501.jpg,paper,1731,4
data/raw/paper/paper502.jpg,paper,1732,3
data/raw/paper/paper503.jpg,paper,1733,2
data/raw/paper/paper504.jpg,paper,1734,0
data/raw/paper/paper506.jpg,paper,1736,1
data/raw/paper/paper508.jpg,paper,1738,0
data/raw/paper/paper509.jpg,paper,1739,1
data/raw/paper/paper511.jpg,paper,1742,1
data/raw/paper/paper512.jpg,paper,1743,2
data/raw/paper/paper513.jpg,paper,1744,2
data/raw/paper/paper515.jpg,paper,1746,1
data/raw/paper/paper516.jpg,paper,1747,0
data/raw/paper/paper517.jpg,paper,1748,3
data/raw/paper/paper518.jpg,paper,1749,3
data/raw/paper/paper519.jpg,paper,1750,4
data/raw/paper/paper52.jpg,paper,1751,2
data/raw/paper/paper520.jpg,paper,1752,0
data/raw/paper/paper521.jpg,paper,1753,4
data/raw/paper/paper522.jpg,paper,1754,1
data/raw/paper/paper523.jpg,paper,1755,2
data/raw/paper/paper524.jpg,paper,1756,3
data/raw/paper/paper525.jpg,paper,1757,0
data/raw/paper/paper526.jpg,paper,1758,4
data/raw/paper/paper528.jpg,paper,1760,0
data/raw/paper/paper529.jpg,paper,1761,2
data/raw/paper/paper53.jpg,paper,1532,2
data/raw/paper/paper530.jpg,paper,1762,4
data/raw/paper/paper531.jpg,paper,1763,0
data/raw/paper/paper532.jpg,paper,1764,0
data/raw/paper/paper533.jpg,paper,1765,2
data/raw/paper/paper534.jpg,paper,1754,1
data/raw/paper/paper535.jpg,paper,1766,3
data/raw/paper/paper536.jpg,paper,1767,4
data/raw/paper/paper537.jpg,paper,1768,3
data/raw/paper/paper538.jpg,paper,1769,2
data/raw/paper/paper539.jpg,paper,1770,0
data/raw/paper/paper54.jpg,paper,1771,4
data/raw/paper/paper540.jpg,paper,1772,0
data/raw/paper/paper541.jpg,paper,1773,0
data/raw/paper/paper542.jpg,paper,1774,3
data/raw/paper/paper543.jpg,paper,1775,4
data/raw/paper/paper544.jpg,paper,1776,4
data/raw/paper/paper545.jpg,paper,1777,3
data/raw/paper/paper546.jpg,paper,1778,2
data/raw/paper/paper548.jpg,paper,1779,2
data/raw/paper/paper549.jpg,paper,1381,4
data/raw/paper/paper55.jpg,paper,1780,4
data/raw/paper/paper550.jpg,paper,1781,1
data/raw/paper/paper551.jpg,paper,1782,3
data/raw/paper/paper552.jpg,paper,1783,3
data/raw/paper/paper553.jpg,paper,1684,1
data/raw/paper/paper555.jpg,paper,1785,2
data/raw/paper/paper557.jpg,paper,1787,2
data/raw/paper/paper559.jpg,paper,1789,1
data/raw/paper/paper56.jpg,paper,1772,0
data/raw/paper/paper560.jpg,paper,1790,4
data/raw/paper/paper562.jpg,paper,1792,3
data/raw/paper/paper564.jpg,paper,1794,4
data/raw/paper/paper565.jpg,paper,1795,0
data/raw/paper/paper567.jpg,paper,1797,4
data/raw/paper/paper568.jpg,paper,1798,4
data/raw/paper/paper569.jpg,paper,1799,2
data/raw/paper/paper57.jpg,paper,1800,2
data/raw/paper/paper570.jpg,paper,1801,4
data/raw/paper/paper573.jpg,paper,1804,2
data/raw/paper/paper574.jpg,paper,1805,2
data/raw/paper/paper576.jpg,paper,1807,3
data/raw/paper/paper578.jpg,paper,1809,1
data/raw/paper/paper579.jpg,paper,1810,1
data/raw/paper/paper580.jpg,paper,1812,1
data/raw/paper/paper581.jpg,paper,1813,0
data/raw/paper/paper582.jpg,paper,1814,3
data/raw/paper/paper584.jpg,paper,1816,0
data/raw/paper/paper585.jpg,paper,1817,2
data/raw/paper/paper586.jpg,paper,1818,3
data/raw/paper/paper589.jpg,paper,1821,2
data/raw/paper/paper590.jpg,paper,1823,2
data/raw/paper/paper591.jpg,paper,1824,4
data/raw/paper/paper592.jpg,paper,1825,3
data/raw/paper/paper593.jpg,paper,1826,1
data/raw/paper/paper594.jpg,paper,1827,3
data/raw/paper/paper6.jpg,paper,1828,4
data/raw/paper/paper60.jpg,paper,1829,4
data/raw/paper/paper62.jpg,paper,1831,4
data/raw/paper/paper64.jpg,paper,1833,1
data/raw/paper/paper65.jpg,paper,1834,0
data/raw/paper/paper66.jpg,paper,1835,2
data/raw/paper/paper67.jpg,paper,1836,1
data/raw/paper/paper68.jpg,paper,1837,1
data/raw/paper/paper69.jpg,paper,1838,0
data/raw/paper/paper70.jpg,paper,1840,3
data/raw/paper/paper71.jpg,paper,1841,0
data/raw/paper/paper72.jpg,paper,1842,3
data/raw/paper/paper73.jpg,paper,1843,1
data/raw/paper/paper74.jpg,paper,1837,1
data/raw/paper/paper76.jpg,paper,1845,4
data/raw/paper/paper77.jpg,paper,1846,0
data/raw/paper/paper78.jpg,paper,1847,1
data/raw/paper/paper79.jpg,paper,1848,1
data/raw/paper/paper8.jpg,paper,1849,2
data/raw/paper/paper81.jpg,paper,1851,0
data/raw/paper/paper83.jpg,paper,1853,0
data/raw/paper/paper84.jpg,paper,1854,3
data/raw/paper/paper85.jpg,paper,1855,0
data/raw/paper/paper86.jpg,paper,1856,1
data/raw/paper/paper87.jpg,paper,1857,1
data/raw/paper/paper89.jpg,paper,1701,4
data/raw/paper/paper9.jpg,paper,1859,1
data/raw/paper/paper90.jpg,paper,1860,2
data/raw/paper/paper91.jpg,paper,1861,1
data/raw/paper/paper92.jpg,paper,1862,4
data/raw/paper/paper93.jpg,paper,1863,0
data/raw/paper/paper94.jpg,paper,1864,0
data/raw/paper/paper95.jpg,paper,1865,3
data/raw/paper/paper96.jpg,paper,1866,1
data/raw/paper/paper97.jpg,paper,1867,0
data/raw/paper/paper98.jpg,paper,1868,2
data/raw/paper/paper99.jpg,paper,1350,4
data/raw/plastic/plastic10.jpg,plastic,1024,0
data/raw/plastic/plastic100.jpg,plastic,1870,4
data/raw/plastic/plastic102.jpg,plastic,1872,4
data/raw/plastic/plastic103.jpg,plastic,1873,1
data/raw/plastic/plastic104.jpg,plastic,1874,1
data/raw/plastic/plastic105.jpg,plastic,1875,2
data/raw/plastic/plastic106.jpg,plastic,1876,0
data/raw/plastic/plastic107.jpg,plastic,1877,2
data/raw/plastic/plastic11.jpg,plastic,964,0
data/raw/plastic/plastic110.jpg,plastic,1880,2
data/raw/plastic/plastic112.jpg,plastic,1882,4
data/raw/plastic/plastic115.jpg,plastic,1885,2
data/raw/plastic/plastic116.jpg,plastic,1886,4
data/raw/plastic/plastic117.jpg,plastic,1887,4
data/raw/plastic/plastic118.jpg,plastic,1888,1
data/raw/plastic/plastic119.jpg,plastic,1889,1
data/raw/plastic/plastic12.jpg,plastic,1890,4
data/raw/plastic/plastic120.jpg,plastic,1891,0
data/raw/plastic/plastic121.jpg,plastic,1892,0
data/raw/plastic/plastic122.jpg,plastic,1893,1
data/raw/plastic/plastic124.jpg,plastic,1895,4
data/raw/plastic/plastic125.jpg,plastic,1896,4
data/raw/plastic/plastic126.jpg,plastic,1897,0
data/raw/plastic/plastic127.jpg,plastic,1898,1
data/raw/plastic/plastic128.jpg,plastic,1899,2
data/raw/plastic/plastic129.jpg,plastic,1900,3
data/raw/plastic/plastic130.jpg,plastic,1902,3
data/raw/plastic/plastic131.jpg,plastic,1903,3
data/raw/plastic/plastic132.jpg,plastic,1904,2
data/raw/plastic/plastic133.jpg,plastic,1905,0
data/raw/plastic/plastic134.jpg,plastic,1906,2
data/raw/plastic/plastic136.jpg,plastic,1907,1
data/raw/plastic/plastic137.jpg,plastic,1888,1
data/raw/plastic/plastic14.jpg,plastic,1909,0
data/raw/plastic/plastic140.jpg,plastic,1910,4
data/raw/plastic/plastic141.jpg,plastic,1911,0
data/raw/plastic/plastic142.jpg,plastic,1912,2
data/raw/plastic/plastic144.jpg,plastic,1914,1
data/raw/plastic/plastic145.jpg,plastic,1915,4
data/raw/plastic/plastic146.jpg,plastic,1916,1
data/raw/plastic/plastic147.jpg,plastic,1917,0
data/raw/plastic/plastic148.jpg,plastic,1918,3
data/raw/plastic/plastic149.jpg,plastic,1919,1
data/raw/plastic/plastic150.jpg,plastic,1921,2
data/raw/plastic/plastic151.jpg,plastic,1922,3
data/raw/plastic/plastic152.jpg,plastic,485,4
data/raw/plastic/plastic153.jpg,plastic,1923,4
data/raw/plastic/plastic154.jpg,plastic,1924,2
data/raw/plastic/plastic156.jpg,plastic,1926,3
data/raw/plastic/plastic157.jpg,plastic,1927,2
data/raw/plastic/plastic158.jpg,plastic,1928,1
data/raw/plastic/plastic159.jpg,plastic,1929,3
data/raw/plastic/plastic160.jpg,plastic,1931,3
data/raw/plastic/plastic161.jpg,plastic,1932,2
data/raw/plastic/plastic162.jpg,plastic,1933,2
data/raw/plastic/plastic163.jpg,plastic,1934,0
data/raw/plastic/plastic164.jpg,plastic,1935,0
data/raw/plastic/plastic165.jpg,plastic,1936,0
data/raw/plastic/plastic167.jpg,plastic,1938,1
data/raw/plastic/plastic168.jpg,plastic,1939,3
data/raw/plastic/plastic17.jpg,plastic,1941,3
data/raw/plastic/plastic171.jpg,plastic,1943,2
data/raw/plastic/plastic172.jpg,plastic,1944,1
data/raw/plastic/plastic173.jpg,plastic,1945,1
data/raw/plastic/plastic174.jpg,plastic,1946,0
data/raw/plastic/plastic175.jpg,plastic,1947,4
data/raw/plastic/plastic176.jpg,plastic,1948,2
data/raw/plastic/plastic177.jpg,plastic,1949,2
data/raw/plastic/plastic178.jpg,plastic,1950,1
data/raw/plastic/plastic179.jpg,plastic,1951,2
data/raw/plastic/plastic18.jpg,plastic,1952,3
data/raw/plastic/plastic180.jpg,plastic,1953,1
data/raw/plastic/plastic181.jpg,plastic,1954,1
data/raw/plastic/plastic182.jpg,plastic,1955,3
data/raw/plastic/plastic184.jpg,plastic,1957,4
data/raw/plastic/plastic185.jpg,plastic,1958,3
data/raw/plastic/plastic186.jpg,plastic,1959,0
data/raw/plastic/plastic187.jpg,plastic,1960,3
data/raw/plastic/plastic189.jpg,plastic,1962,3
data/raw/plastic/plastic19.jpg,plastic,1963,4
data/raw/plastic/plastic190.jpg,plastic,1964,3
data/raw/plastic/plastic191.jpg,plastic,1965,2
data/raw/plastic/plastic192.jpg,plastic,1966,4
data/raw/plastic/plastic193.jpg,plastic,1967,3
data/raw/plastic/plastic194.jpg,plastic,1968,0
data/raw/plastic/plastic195.jpg,plastic,1969,1
data/raw/plastic/plastic197.jpg,plastic,1971,2
data/raw/plastic/plastic199.jpg,plastic,1973,1
data/raw/plastic/plastic2.jpg,plastic,1974,4
data/raw/plastic/plastic20.jpg,plastic,1975,0
data/raw/plastic/plastic200.jpg,plastic,1976,2
data/raw/plastic/plastic201.jpg,plastic,1977,0
data/raw/plastic/plastic202.jpg,plastic,1978,0
data/raw/plastic/plastic203.jpg,plastic,1979,0
data/raw/plastic/plastic204.jpg,plastic,1980,3
data/raw/plastic/plastic205.jpg,plastic,1981,0
data/raw/plastic/plastic207.jpg,plastic,1983,2
data/raw/plastic/plastic208.jpg,plastic,1984,0
data/raw/plastic/plastic209.jpg,plastic,1985,1
data/raw/plastic/plastic21.jpg,plastic,1986,0
data/raw/plastic/plastic210.jpg,plastic,1987,4
data/raw/plastic/plastic211.jpg,plastic,1988,4
data/raw/plastic/plastic212.jpg,plastic,1989,4
data/raw/plastic/plastic213.jpg,plastic,1990,0
data/raw/plastic/plastic214.jpg,plastic,1991,1
data/raw/plastic/plastic215.jpg,plastic,1992,3
data/raw/plastic/plastic217.jpg,plastic,1994,4
data/raw/plastic/plastic218.jpg,plastic,1995,2
data/raw/plastic/plastic219.jpg,plastic,1996,4
data/raw/plastic/plastic22.jpg,plastic,1997,2
data/raw/plastic/plastic220.jpg,plastic,1998,4
data/raw/plastic/plastic222.jpg,plastic,2000,4
data/raw/plastic/plastic223.jpg,plastic,2001,0
data/raw/plastic/plastic224.jpg,plastic,2002,3
data/raw/plastic/plastic225.jpg,plastic,2003,2
data/raw/plastic/plastic226.jpg,plastic,2004,4
data/raw/plastic/plastic227.jpg,plastic,2005,0
data/raw/plastic/plastic228.jpg,plastic,2006,0
data/raw/plastic/plastic229.jpg,plastic,2007,4
data/raw/plastic/plastic23.jpg,plastic,2008,2
data/raw/plastic/plastic230.jpg,plastic,2009,1
data/raw/plastic/plastic231.jpg,plastic,2010,4
data/raw/plastic/plastic232.jpg,plastic,2011,4
data/raw/plastic/plastic233.jpg,plastic,2012,3
data/raw/plastic/plastic234.jpg,plastic,2013,1
data/raw/plastic/plastic235.jpg,plastic,2014,0
data/raw/plastic/plastic236.jpg,plastic,2015,3
data/raw/plastic/plastic237.jpg,plastic,2016,0
data/raw/plastic/plastic238.jpg,plastic,2017,0
data/raw/plastic/plastic239.jpg,plastic,2018,2
data/raw/plastic/plastic24.jpg,plastic,2019,4
data/raw/plastic/plastic240.jpg,plastic,2020,1
data/raw/plastic/plastic241.jpg,plastic,2021,4
data/raw/plastic/plastic242.jpg,plastic,2022,2
data/raw/plastic/plastic243.jpg,plastic,2023,1
data/raw/plastic/plastic244.jpg,plastic,2024,1
data/raw/plastic/plastic245.jpg,plastic,2025,2
data/raw/plastic/plastic246.jpg,plastic,2026,1
data/raw/plastic/plastic248.jpg,plastic,2028,3
data/raw/plastic/plastic249.jpg,plastic,2029,4
data/raw/plastic/plastic25.jpg,plastic,2030,3
data/raw/plastic/plastic250.jpg,plastic,2031,3
data/raw/plastic/plastic251.jpg,plastic,2032,0
data/raw/plastic/plastic252.jpg,plastic,2033,1
data/raw/plastic/plastic253.jpg,plastic,2034,2
data/raw/plastic/plastic254.jpg,plastic,2035,3
data/raw/plastic/plastic255.jpg,plastic,2036,3
data/raw/plastic/plastic256.jpg,plastic,2037,0
data/raw/plastic/plastic257.jpg,plastic,2038,2
data/raw/plastic/plastic258.jpg,plastic,2039,4
data/raw/plastic/plastic259.jpg,plastic,2040,2
data/raw/plastic/plastic26.jpg,plastic,2041,0
data/raw/plastic/plastic260.jpg,plastic,2042,4
data/raw/plastic/plastic261.jpg,plastic,2043,2
data/raw/plastic/plastic262.jpg,plastic,2044,1
data/raw/plastic/plastic263.jpg,plastic,2045,3
data/raw/plastic/plastic264.jpg,plastic,2046,3
data/raw/plastic/plastic266.jpg,plastic,2048,2
data/raw/plastic/plastic267.jpg,plastic,2049,1
data/raw/plastic/plastic268.jpg,plastic,2050,0
data/raw/plastic/plastic269.jpg,plastic,2051,3
data/raw/plastic/plastic27.jpg,plastic,2052,4
data/raw/plastic/plastic270.jpg,plastic,2053,2
data/raw/plastic/plastic271.jpg,plastic,2054,1
data/raw/plastic/plastic272.jpg,plastic,2055,0
data/raw/plastic/plastic273.jpg,plastic,2056,4
data/raw/plastic/plastic274.jpg,plastic,2057,3
data/raw/plastic/plastic275.jpg,plastic,2058,3
data/raw/plastic/plastic276.jpg,plastic,2059,4
data/raw/plastic/plastic277.jpg,plastic,2060,1
data/raw/plastic/plastic278.jpg,plastic,2061,4
data/raw/plastic/plastic279.jpg,plastic,2062,1
data/raw/plastic/plastic28.jpg,plastic,2063,2
data/raw/plastic/plastic280.jpg,plastic,2064,0
data/raw/plastic/plastic281.jpg,plastic,2065,4
data/raw/plastic/plastic282.jpg,plastic,2066,1
data/raw/plastic/plastic283.jpg,plastic,2067,4
data/raw/plastic/plastic284.jpg,plastic,2068,2
data/raw/plastic/plastic285.jpg,plastic,2069,0
data/raw/plastic/plastic286.jpg,plastic,2070,3
data/raw/plastic/plastic287.jpg,plastic,2071,0
data/raw/plastic/plastic288.jpg,plastic,2072,2
data/raw/plastic/plastic289.jpg,plastic,2073,4
data/raw/plastic/plastic29.jpg,plastic,2074,1
data/raw/plastic/plastic290.jpg,plastic,2075,4
data/raw/plastic/plastic291.jpg,plastic,2076,4
data/raw/plastic/plastic293.jpg,plastic,2078,3
data/raw/plastic/plastic294.jpg,plastic,2079,0
data/raw/plastic/plastic295.jpg,plastic,2080,3
data/raw/plastic/plastic296.jpg,plastic,2081,0
data/raw/plastic/plastic297.jpg,plastic,2082,1
data/raw/plastic/plastic299.jpg,plastic,2084,2
data/raw/plastic/plastic3.jpg,plastic,2085,0
data/raw/plastic/plastic30.jpg,plastic,2086,0
data/raw/plastic/plastic300.jpg,plastic,2087,4
data/raw/plastic/plastic301.jpg,plastic,2088,2
data/raw/plastic/plastic302.jpg,plastic,2089,0
data/raw/plastic/plastic304.jpg,plastic,2091,4
data/raw/plastic/plastic306.jpg,plastic,2093,3
data/raw/plastic/plastic307.jpg,plastic,2094,3
data/raw/plastic/plastic309.jpg,plastic,2096,2
data/raw/plastic/plastic31.jpg,plastic,2097,3
data/raw/plastic/plastic310.jpg,plastic,2098,2
data/raw/plastic/plastic311.jpg,plastic,2099,2
data/raw/plastic/plastic312.jpg,plastic,2100,1
data/raw/plastic/plastic313.jpg,plastic,2101,3
data/raw/plastic/plastic314.jpg,plastic,2102,4
data/raw/plastic/plastic315.jpg,plastic,2103,1
data/raw/plastic/plastic316.jpg,plastic,2104,1
data/raw/plastic/plastic317.jpg,plastic,2105,3
data/raw/plastic/plastic318.jpg,plastic,2106,4
data/raw/plastic/plastic319.jpg,plastic,2107,2
data/raw/plastic/plastic320.jpg,plastic,2109,2
data/raw/plastic/plastic321.jpg,plastic,2110,2
data/raw/plastic/plastic322.jpg,plastic,2111,0
data/raw/plastic/plastic323.jpg,plastic,2112,4
data/raw/plastic/plastic324.jpg,plastic,2113,0
data/raw/plastic/plastic325.jpg,plastic,2114,3
data/raw/plastic/plastic326.jpg,plastic,2115,4
data/raw/plastic/plastic328.jpg,plastic,2117,2
data/raw/plastic/plastic329.jpg,plastic,2118,2
data/raw/plastic/plastic330.jpg,plastic,2120,3
data/raw/plastic/plastic331.jpg,plastic,2121,4
data/raw/plastic/plastic332.jpg,plastic,720,2
data/raw/plastic/plastic333.jpg,plastic,2122,0
data/raw/plastic/plastic334.jpg,plastic,2123,3
data/raw/plastic/plastic335.jpg,plastic,2124,0
data/raw/plastic/plastic336.jpg,plastic,2125,0
data/raw/plastic/plastic337.jpg,plastic,2126,0
data/raw/plastic/plastic34.jpg,plastic,2129,2
data/raw/plastic/plastic340.jpg,plastic,2130,4
data/raw/plastic/plastic341.jpg,plastic,2131,1
data/raw/plastic/plastic342.jpg,plastic,2132,2
data/raw/plastic/plastic343.jpg,plastic,2133,4
data/raw/plastic/plastic344.jpg,plastic,2134,1
data/raw/plastic/plastic345.jpg,plastic,2135,3
data/raw/plastic/plastic346.jpg,plastic,2136,4
data/raw/plastic/plastic347.jpg,plastic,2137,2
data/raw/plastic/plastic348.jpg,plastic,2138,4
data/raw/plastic/plastic349.jpg,plastic,2139,2
data/raw/plastic/plastic35.jpg,plastic,2140,4
data/raw/plastic/plastic350.jpg,plastic,1875,2
data/raw/plastic/plastic351.jpg,plastic,2141,2
data/raw/plastic/plastic352.jpg,plastic,2142,0
data/raw/plastic/plastic353.jpg,plastic,2143,3
data/raw/plastic/plastic354.jpg,plastic,2144,3
data/raw/plastic/plastic355.jpg,plastic,2145,1
data/raw/plastic/plastic356.jpg,plastic,2146,3
data/raw/plastic/plastic357.jpg,plastic,2147,0
data/raw/plastic/plastic358.jpg,plastic,2148,0
data/raw/plastic/plastic359.jpg,plastic,2149,3
data/raw/plastic/plastic36.jpg,plastic,2150,3
data/raw/plastic/plastic360.jpg,plastic,2151,0
data/raw/plastic/plastic361.jpg,plastic,2152,4
data/raw/plastic/plastic362.jpg,plastic,2153,1
data/raw/plastic/plastic363.jpg,plastic,2154,2
data/raw/plastic/plastic364.jpg,plastic,2155,2
data/raw/plastic/plastic365.jpg,plastic,2156,1
data/raw/plastic/plastic366.jpg,plastic,2157,3
data/raw/plastic/plastic367.jpg,plastic,2158,2
data/raw/plastic/plastic368.jpg,plastic,2159,0
data/raw/plastic/plastic369.jpg,plastic,2160,1
data/raw/plastic/plastic370.jpg,plastic,2162,0
data/raw/plastic/plastic371.jpg,plastic,2163,2
data/raw/plastic/plastic372.jpg,plastic,2164,2
data/raw/plastic/plastic373.jpg,plastic,2165,1
data/raw/plastic/plastic374.jpg,plastic,2166,0
data/raw/plastic/plastic375.jpg,plastic,2167,1
data/raw/plastic/plastic377.jpg,plastic,2169,2
data/raw/plastic/plastic378.jpg,plastic,2170,1
data/raw/plastic/plastic379.jpg,plastic,2171,3
data/raw/plastic/plastic38.jpg,plastic,2172,3
data/raw/plastic/plastic380.jpg,plastic,2173,3
data/raw/plastic/plastic381.jpg,plastic,2174,3
data/raw/plastic/plastic382.jpg,plastic,2175,0
data/raw/plastic/plastic383.jpg,plastic,2176,3
data/raw/plastic/plastic384.jpg,plastic,2078,3
data/raw/plastic/plastic385.jpg,plastic,2177,4
data/raw/plastic/plastic386.jpg,plastic,2178,1
data/raw/plastic/plastic387.jpg,plastic,2179,1
data/raw/plastic/plastic389.jpg,plastic,2181,3
data/raw/plastic/plastic39.jpg,plastic,2182,0
data/raw/plastic/plastic390.jpg,plastic,2183,2
data/raw/plastic/plastic391.jpg,plastic,2184,0
data/raw/plastic/plastic392.jpg,plastic,2185,4
data/raw/plastic/plastic394.jpg,plastic,2187,3
data/raw/plastic/plastic395.jpg,plastic,2188,3
data/raw/plastic/plastic396.jpg,plastic,2189,1
data/raw/plastic/plastic397.jpg,plastic,2190,0
data/raw/plastic/plastic398.jpg,plastic,2191,3
data/raw/plastic/plastic399.jpg,plastic,2192,0
data/raw/plastic/plastic4.jpg,plastic,2193,4
data/raw/plastic/plastic40.jpg,plastic,2194,1
data/raw/plastic/plastic401.jpg,plastic,2196,2
data/raw/plastic/plastic402.jpg,plastic,2197,4
data/raw/plastic/plastic403.jpg,plastic,2198,2
data/raw/plastic/plastic404.jpg,plastic,2199,3
data/raw/plastic/plastic405.jpg,plastic,2200,4
data/raw/plastic/plastic406.jpg,plastic,2201,2
data/raw/plastic/plastic407.jpg,plastic,2202,2
data/raw/plastic/plastic409.jpg,plastic,2204,1
data/raw/plastic/plastic41.jpg,plastic,2205,0
data/raw/plastic/plastic410.jpg,plastic,2206,0
data/raw/plastic/plastic412.jpg,plastic,2208,3
data/raw/plastic/plastic413.jpg,plastic,2209,0
data/raw/plastic/plastic414.jpg,plastic,2210,2
data/raw/plastic/plastic415.jpg,plastic,2211,1
data/raw/plastic/plastic416.jpg,plastic,2212,1
data/raw/plastic/plastic417.jpg,plastic,2213,3
data/raw/plastic/plastic418.jpg,plastic,2214,1
data/raw/plastic/plastic419.jpg,plastic,2215,4
data/raw/plastic/plastic420.jpg,plastic,2217,0
data/raw/plastic/plastic421.jpg,plastic,2218,4
data/raw/plastic/plastic422.jpg,plastic,2219,1
data/raw/plastic/plastic423.jpg,plastic,2220,4
data/raw/plastic/plastic425.jpg,plastic,2222,2
data/raw/plastic/plastic426.jpg,plastic,2223,1
data/raw/plastic/plastic427.jpg,plastic,2224,4
data/raw/plastic/plastic428.jpg,plastic,2225,1
data/raw/plastic/plastic429.jpg,plastic,2226,0
data/raw/plastic/plastic430.jpg,plastic,2228,3
data/raw/plastic/plastic431.jpg,plastic,2229,1
data/raw/plastic/plastic432.jpg,plastic,2230,3
data/raw/plastic/plastic433.jpg,plastic,2231,0
data/raw/plastic/plastic434.jpg,plastic,2232,4
data/raw/plastic/plastic435.jpg,plastic,2233,1
data/raw/plastic/plastic436.jpg,plastic,2234,3
data/raw/plastic/plastic437.jpg,plastic,2235,0
data/raw/plastic/plastic438.jpg,plastic,2236,4
data/raw/plastic/plastic439.jpg,plastic,2237,4
data/raw/plastic/plastic44.jpg,plastic,2238,3
data/raw/plastic/plastic440.jpg,plastic,2239,0
data/raw/plastic/plastic443.jpg,plastic,2242,0
data/raw/plastic/plastic444.jpg,plastic,2243,0
data/raw/plastic/plastic445.jpg,plastic,2244,0
data/raw/plastic/plastic446.jpg,plastic,2245,1
data/raw/plastic/plastic447.jpg,plastic,2246,2
data/raw/plastic/plastic449.jpg,plastic,2248,2
data/raw/plastic/plastic45.jpg,plastic,2249,2
data/raw/plastic/plastic450.jpg,plastic,2250,3
data/raw/plastic/plastic451.jpg,plastic,2251,4
data/raw/plastic/plastic452.jpg,plastic,2252,0
data/raw/plastic/plastic454.jpg,plastic,2254,2
data/raw/plastic/plastic455.jpg,plastic,2255,1
data/raw/plastic/plastic456.jpg,plastic,2256,1
data/raw/plastic/plastic457.jpg,plastic,2257,3
data/raw/plastic/plastic458.jpg,plastic,2258,1
data/raw/plastic/plastic459.jpg,plastic,2259,4
data/raw/plastic/plastic46.jpg,plastic,2260,4
data/raw/plastic/plastic460.jpg,plastic,2261,3
data/raw/plastic/plastic462.jpg,plastic,2263,1
data/raw/plastic/plastic463.jpg,plastic,2264,3
data/raw/plastic/plastic464.jpg,plastic,2265,1
data/raw/plastic/plastic465.jpg,plastic,2266,3
data/raw/plastic/plastic466.jpg,plastic,2267,4
data/raw/plastic/plastic468.jpg,plastic,2269,4
data/raw/plastic/plastic469.jpg,plastic,2270,0
data/raw/plastic/plastic47.jpg,plastic,2271,4
data/raw/plastic/plastic470.jpg,plastic,2272,3
data/raw/plastic/plastic472.jpg,plastic,2274,1
data/raw/plastic/plastic473.jpg,plastic,2275,4
data/raw/plastic/plastic474.jpg,plastic,2276,1
data/raw/plastic/plastic475.jpg,plastic,2277,4
data/raw/plastic/plastic476.jpg,plastic,2278,2
data/raw/plastic/plastic477.jpg,plastic,2279,1
data/raw/plastic/plastic478.jpg,plastic,2280,1
data/raw/plastic/plastic48.jpg,plastic,2282,0
data/raw/plastic/plastic482.jpg,plastic,2285,1
data/raw/plastic/plastic50.jpg,plastic,2288,4
data/raw/plastic/plastic51.jpg,plastic,2289,0
data/raw/plastic/plastic52.jpg,plastic,2290,1
data/raw/plastic/plastic53.jpg,plastic,2291,2
data/raw/plastic/plastic54.jpg,plastic,2292,3
data/raw/plastic/plastic55.jpg,plastic,2293,4
data/raw/plastic/plastic56.jpg,plastic,2294,1
data/raw/plastic/plastic57.jpg,plastic,2295,3
data/raw/plastic/plastic58.jpg,plastic,2296,0
data/raw/plastic/plastic59.jpg,plastic,2297,4
data/raw/plastic/plastic60.jpg,plastic,2299,0
data/raw/plastic/plastic61.jpg,plastic,2300,2
data/raw/plastic/plastic62.jpg,plastic,2301,3
data/raw/plastic/plastic63.jpg,plastic,2302,1
data/raw/plastic/plastic64.jpg,plastic,2303,3
data/raw/plastic/plastic65.jpg,plastic,2304,0
data/raw/plastic/plastic67.jpg,plastic,2306,1
data/raw/plastic/plastic68.jpg,plastic,2307,1
data/raw/plastic/plastic69.jpg,plastic,2308,3
data/raw/plastic/plastic7.jpg,plastic,2309,0
data/raw/plastic/plastic71.jpg,plastic,2311,2
data/raw/plastic/plastic73.jpg,plastic,2313,3
data/raw/plastic/plastic74.jpg,plastic,2314,2
data/raw/plastic/plastic75.jpg,plastic,2315,4
data/raw/plastic/plastic76.jpg,plastic,2316,1
data/raw/plastic/plastic77.jpg,plastic,2317,1
data/raw/plastic/plastic78.jpg,plastic,2318,2
data/raw/plastic/plastic8.jpg,plastic,2320,3
data/raw/plastic/plastic81.jpg,plastic,2322,0
data/raw/plastic/plastic82.jpg,plastic,2323,3
data/raw/plastic/plastic83.jpg,plastic,2324,2
data/raw/plastic/plastic86.jpg,plastic,2327,4
data/raw/plastic/plastic87.jpg,plastic,2328,2
data/raw/plastic/plastic88.jpg,plastic,2329,2
data/raw/plastic/plastic89.jpg,plastic,2330,0
data/raw/plastic/plastic9.jpg,plastic,1923,4
data/raw/plastic/plastic90.jpg,plastic,2331,3
data/raw/plastic/plastic91.jpg,plastic,2332,2
data/raw/plastic/plastic92.jpg,plastic,2333,2
data/raw/plastic/plastic94.jpg,plastic,2335,0
data/raw/plastic/plastic95.jpg,plastic,2336,4
data/raw/plastic/plastic96.jpg,plastic,2337,3
data/raw/plastic/plastic97.jpg,plastic,2338,4
data/raw/plastic/plastic98.jpg,plastic,2339,1
data/raw/plastic/plastic99.jpg,plastic,2340,1
data/raw/trash/trash1.jpg,trash,2341,0
data/raw/trash/trash10.jpg,trash,2342,2
data/raw/trash/trash100.jpg,trash,2343,0
data/raw/trash/trash101.jpg,trash,2344,3
data/raw/trash/trash102.jpg,trash,2345,0
data/raw/trash/trash103.jpg,trash,2346,0
data/raw/trash/trash104.jpg,trash,2347,3
data/raw/trash/trash105.jpg,trash,2348,4
data/raw/trash/trash107.jpg,trash,2350,4
data/raw/trash/trash108.jpg,trash,2351,0
data/raw/trash/trash109.jpg,trash,2352,3
data/raw/trash/trash11.jpg,trash,2353,3
data/raw/trash/trash110.jpg,trash,2354,1
data/raw/trash/trash111.jpg,trash,2355,4
data/raw/trash/trash112.jpg,trash,2356,4
data/raw/trash/trash113.jpg,trash,2357,0
data/raw/trash/trash114.jpg,trash,2358,0
data/raw/trash/trash115.jpg,trash,2359,4
data/raw/trash/trash116.jpg,trash,2360,1
data/raw/trash/trash117.jpg,trash,2361,3
data/raw/trash/trash118.jpg,trash,2362,4
data/raw/trash/trash119.jpg,trash,2363,2
data/raw/trash/trash12.jpg,trash,2364,3
data/raw/trash/trash120.jpg,trash,2365,4
data/raw/trash/trash121.jpg,trash,2366,1
data/raw/trash/trash122.jpg,trash,2367,4
data/raw/trash/trash123.jpg,trash,2368,1
data/raw/trash/trash126.jpg,trash,2371,2
data/raw/trash/trash127.jpg,trash,1903,3
data/raw/trash/trash128.jpg,trash,1950,1
data/raw/trash/trash129.jpg,trash,2372,3
data/raw/trash/trash13.jpg,trash,2373,1
data/raw/trash/trash130.jpg,trash,2374,3
data/raw/trash/trash132.jpg,trash,2376,2
data/raw/trash/trash134.jpg,trash,2377,2
data/raw/trash/trash135.jpg,trash,2378,4
data/raw/trash/trash136.jpg,trash,2379,4
data/raw/trash/trash14.jpg,trash,2381,4
data/raw/trash/trash15.jpg,trash,2382,0
data/raw/trash/trash16.jpg,trash,2383,3
data/raw/trash/trash17.jpg,trash,2384,4
data/raw/trash/trash18.jpg,trash,2385,2
data/raw/trash/trash19.jpg,trash,2386,0
data/raw/trash/trash2.jpg,trash,2387,3
data/raw/trash/trash21.jpg,trash,2389,4
data/raw/trash/trash22.jpg,trash,2390,2
data/raw/trash/trash23.jpg,trash,2391,2
data/raw/trash/trash24.jpg,trash,2392,1
data/raw/trash/trash27.jpg,trash,2395,0
data/raw/trash/trash28.jpg,trash,2396,3
data/raw/trash/trash29.jpg,trash,2397,2
data/raw/trash/trash3.jpg,trash,2398,1
data/raw/trash/trash30.jpg,trash,2399,3
data/raw/trash/trash32.jpg,trash,2401,2
data/raw/trash/trash33.jpg,trash,2402,4
data/raw/trash/trash34.jpg,trash,2403,3
data/raw/trash/trash35.jpg,trash,2404,2
data/raw/trash/trash36.jpg,trash,2405,2
data/raw/trash/trash37.jpg,trash,2406,4
data/raw/trash/trash38.jpg,trash,2407,1
data/raw/trash/trash39.jpg,trash,2408,0
data/raw/trash/trash4.jpg,trash,2409,4
data/raw/trash/trash40.jpg,trash,2410,0
data/raw/trash/trash41.jpg,trash,2411,2
data/raw/trash/trash42.jpg,trash,2412,1
data/raw/trash/trash43.jpg,trash,2413,1
data/raw/trash/trash44.jpg,trash,2414,4
data/raw/trash/trash45.jpg,trash,2415,3
data/raw/trash/trash46.jpg,trash,2416,0
data/raw/trash/trash47.jpg,trash,2417,4
data/raw/trash/trash49.jpg,trash,2419,3
data/raw/trash/trash5.jpg,trash,2420,2
data/raw/trash/trash50.jpg,trash,2421,3
data/raw/trash/trash53.jpg,trash,2424,2
data/raw/trash/trash54.jpg,trash,2425,4
data/raw/trash/trash55.jpg,trash,2426,2
data/raw/trash/trash56.jpg,trash,2427,0
data/raw/trash/trash57.jpg,trash,2428,0
data/raw/trash/trash58.jpg,trash,2429,1
data/raw/trash/trash59.jpg,trash,2430,2
data/raw/trash/trash6.jpg,trash,2431,3
data/raw/trash/trash60.jpg,trash,2432,2
data/raw/trash/trash61.jpg,trash,2433,2
data/raw/trash/trash62.jpg,trash,2434,1
data/raw/trash/trash63.jpg,trash,2435,2
data/raw/trash/trash64.jpg,trash,2436,4
data/raw/trash/trash65.jpg,trash,2437,0
data/raw/trash/trash66.jpg,trash,2438,3
data/raw/trash/trash67.jpg,trash,2439,2
data/raw/trash/trash69.jpg,trash,2441,3
data/raw/trash/trash7.jpg,trash,2442,4
data/raw/trash/trash70.jpg,trash,2443,0
data/raw/trash/trash71.jpg,trash,2444,2
data/raw/trash/trash72.jpg,trash,2445,0
data/raw/trash/trash74.jpg,trash,2447,3
data/raw/trash/trash75.jpg,trash,2448,2
data/raw/trash/trash77.jpg,trash,2450,1
data/raw/trash/trash78.jpg,trash,2451,1
data/raw/trash/trash79.jpg,trash,2452,1
data/raw/trash/trash8.jpg,trash,2453,0
data/raw/trash/trash80.jpg,trash,2454,4
data/raw/trash/trash81.jpg,trash,2455,1
data/raw/trash/trash82.jpg,trash,2456,0
data/raw/trash/trash83.jpg,trash,2457,0
data/raw/trash/trash84.jpg,trash,2458,1
data/raw/trash/trash85.jpg,trash,2459,3
data/raw/trash/trash87.jpg,trash,2461,1
data/raw/trash/trash88.jpg,trash,2462,2
data/raw/trash/trash89.jpg,trash,2463,1
data/raw/trash/trash91.jpg,trash,2466,3
data/raw/trash/trash92.jpg,trash,2467,1
data/raw/trash/trash93.jpg,trash,2468,1
data/raw/trash/trash94.jpg,trash,2469,0
data/raw/trash/trash95.jpg,trash,2470,1
data/raw/trash/trash96.jpg,trash,2471,0
data/raw/trash/trash97.jpg,trash,2472,4
data/raw/trash/trash98.jpg,trash,2473,1
data/raw/trash/trash99.jpg,trash,2474,3
